Time,DriverNumber,LapTime,LapNumber,PitOutTime,PitInTime,Sector1Time,Sector2Time,Sector3Time,SpeedI1,SpeedI2,SpeedFL,SpeedST,Compound,TyreLife
0 days 00:11:52.496000,3,"",1,0 days 00:10:16.939000,0 days 00:11:48.976000,"",0 days 00:00:43.265000,0 days 00:00:31.357000,235.0,204.0,"",197.0,hard,1.0
0 days 00:36:57.368000,3,"",2,0 days 00:35:18.580000,0 days 00:36:53.864000,"",0 days 00:00:42.197000,0 days 00:00:35.774000,267.0,160.0,"",235.0,intermediate,1.0
0 days 00:38:55.220000,3,0 days 00:01:57.852000,3,0 days 00:37:10.460000,0 days 00:38:51.709000,0 days 00:00:34.819000,0 days 00:00:44.973000,0 days 00:00:38.060000,204.0,135.0,"",195.0,intermediate,2.0
0 days 00:47:50.605000,3,"",4,0 days 00:46:28.429000,"","",0 days 00:00:37.568000,0 days 00:00:25.626000,285.0,186.0,277.0,267.0,medium,1.0
0 days 00:48:57.514000,3,0 days 00:01:06.909000,5,"","",0 days 00:00:16.920000,0 days 00:00:29.481000,0 days 00:00:20.508000,309.0,245.0,282.0,309.0,medium,2.0
0 days 00:50:48.474000,3,0 days 00:01:50.960000,6,"","",0 days 00:00:27.675000,0 days 00:00:50.891000,0 days 00:00:32.394000,102.0,175.0,280.0,121.0,medium,3.0
0 days 00:52:02.138000,3,0 days 00:01:13.664000,7,"","",0 days 00:00:16.614000,0 days 00:00:30.252000,0 days 00:00:26.798000,320.0,221.0,272.0,321.0,medium,4.0
0 days 00:53:08.967000,3,0 days 00:01:06.829000,8,"","",0 days 00:00:16.810000,0 days 00:00:29.710000,0 days 00:00:20.309000,311.0,237.0,284.0,315.0,medium,5.0
0 days 00:55:00.034000,3,0 days 00:01:51.067000,9,"","",0 days 00:00:27.572000,0 days 00:00:55.104000,0 days 00:00:28.391000,86.0,166.0,279.0,147.0,medium,6.0
0 days 00:56:06.684000,3,0 days 00:01:06.650000,10,"","",0 days 00:00:16.732000,0 days 00:00:29.657000,0 days 00:00:20.261000,312.0,243.0,288.0,310.0,medium,7.0
0 days 00:57:45.495000,3,0 days 00:01:38.811000,11,"","",0 days 00:00:27.535000,0 days 00:00:47.787000,0 days 00:00:23.489000,184.0,212.0,282.0,123.0,medium,8.0
0 days 00:58:51.570000,3,0 days 00:01:06.075000,12,"","",0 days 00:00:16.645000,0 days 00:00:29.277000,0 days 00:00:20.153000,310.0,244.0,283.0,310.0,medium,9.0
0 days 00:59:58.364000,3,0 days 00:01:06.794000,13,"","",0 days 00:00:16.601000,0 days 00:00:29.858000,0 days 00:00:20.335000,313.0,240.0,284.0,310.0,medium,10.0
0 days 01:01:23.370000,3,0 days 00:01:25.006000,14,"",0 days 01:01:19.909000,0 days 00:00:18.844000,0 days 00:00:37.616000,0 days 00:00:28.546000,275.0,210.0,"",199.0,medium,11.0
0 days 01:14:55.751000,3,"",15,0 days 01:13:36.714000,"","",0 days 00:00:36.079000,0 days 00:00:22.985000,243.0,216.0,279.0,291.0,medium,12.0
0 days 01:16:02.033000,3,0 days 00:01:06.282000,16,"","",0 days 00:00:16.819000,0 days 00:00:29.368000,0 days 00:00:20.095000,307.0,244.0,285.0,308.0,medium,13.0
0 days 01:17:36.080000,3,0 days 00:01:34.047000,17,"","",0 days 00:00:24.242000,0 days 00:00:43.201000,0 days 00:00:26.604000,182.0,146.0,283.0,238.0,medium,14.0
0 days 01:18:52.226000,3,0 days 00:01:16.146000,18,"","",0 days 00:00:23.257000,0 days 00:00:30.116000,0 days 00:00:22.773000,245.0,241.0,258.0,310.0,medium,15.0
0 days 01:20:16.720000,3,0 days 00:01:24.494000,19,"",0 days 01:20:13.264000,0 days 00:00:17.906000,0 days 00:00:37.096000,0 days 00:00:29.492000,281.0,190.0,"",227.0,medium,16.0
0 days 01:22:26.149000,3,0 days 00:02:09.429000,20,0 days 01:20:58.550000,"",0 days 00:01:05.631000,0 days 00:00:37.625000,0 days 00:00:26.173000,262.0,177.0,279.0,260.0,medium,17.0
0 days 01:23:32.179000,3,0 days 00:01:06.030000,21,"","",0 days 00:00:16.808000,0 days 00:00:29.172000,0 days 00:00:20.050000,309.0,242.0,283.0,310.0,medium,18.0
0 days 01:25:02.686000,3,0 days 00:01:30.507000,22,"","",0 days 00:00:22.019000,0 days 00:00:40.886000,0 days 00:00:27.602000,209.0,189.0,280.0,223.0,medium,19.0
0 days 01:26:08.546000,3,0 days 00:01:05.860000,23,"","",0 days 00:00:16.663000,0 days 00:00:29.153000,0 days 00:00:20.044000,310.0,245.0,284.0,309.0,medium,20.0
0 days 01:27:22.666000,3,0 days 00:01:14.120000,24,"",0 days 01:27:19.214000,0 days 00:00:18.099000,0 days 00:00:31.103000,0 days 00:00:24.918000,277.0,233.0,"",289.0,medium,21.0
0 days 01:38:23.169000,3,"",25,0 days 01:37:02.125000,"","",0 days 00:00:37.517000,0 days 00:00:24.532000,267.0,209.0,277.0,289.0,medium,22.0
0 days 01:39:30.555000,3,0 days 00:01:07.386000,26,"","",0 days 00:00:16.903000,0 days 00:00:29.654000,0 days 00:00:20.829000,308.0,240.0,280.0,309.0,medium,23.0
0 days 01:40:36.656000,3,0 days 00:01:06.101000,27,"","",0 days 00:00:16.694000,0 days 00:00:29.158000,0 days 00:00:20.249000,310.0,241.0,287.0,310.0,medium,24.0
0 days 01:41:48.211000,3,"",28,"",0 days 01:41:48.211000,0 days 00:00:22.171000,0 days 00:00:37.681000,0 days 00:00:20.249000,192.0,201.0,287.0,234.0,medium,25.0
0 days 00:12:27.494000,63,"",1,0 days 00:10:59.993000,0 days 00:12:24.064000,"",0 days 00:00:37.389000,0 days 00:00:30.469000,260.0,209.0,"",270.0,soft,1.0
0 days 00:36:10.727000,63,"",2,0 days 00:34:51.715000,"","",0 days 00:00:35.381000,0 days 00:00:24.661000,283.0,210.0,253.0,281.0,intermediate,1.0
0 days 00:37:43.213000,63,0 days 00:01:32.486000,3,"",0 days 00:37:39.737000,0 days 00:00:20.242000,0 days 00:00:38.284000,0 days 00:00:33.960000,234.0,159.0,"",295.0,intermediate,2.0
0 days 00:56:06.328000,63,"",4,0 days 00:54:49.173000,"","",0 days 00:00:35.408000,0 days 00:00:23.429000,269.0,218.0,277.0,187.0,hard,1.0
0 days 00:57:17.271000,63,0 days 00:01:10.943000,5,"","",0 days 00:00:17.745000,0 days 00:00:31.358000,0 days 00:00:21.840000,295.0,230.0,280.0,300.0,hard,2.0
0 days 00:58:26.835000,63,0 days 00:01:09.564000,6,"","",0 days 00:00:17.384000,0 days 00:00:30.718000,0 days 00:00:21.462000,296.0,232.0,279.0,303.0,hard,3.0
0 days 00:59:35.748000,63,0 days 00:01:08.913000,7,"","",0 days 00:00:17.263000,0 days 00:00:30.339000,0 days 00:00:21.311000,294.0,232.0,281.0,301.0,hard,4.0
0 days 01:00:45.003000,63,0 days 00:01:09.255000,8,"","",0 days 00:00:17.298000,0 days 00:00:30.345000,0 days 00:00:21.612000,296.0,232.0,281.0,301.0,hard,5.0
0 days 01:01:53.536000,63,0 days 00:01:08.533000,9,"","",0 days 00:00:17.179000,0 days 00:00:30.271000,0 days 00:00:21.083000,291.0,233.0,280.0,296.0,hard,6.0
0 days 01:03:08.158000,63,0 days 00:01:14.622000,10,"",0 days 01:03:04.786000,0 days 00:00:17.312000,0 days 00:00:31.196000,0 days 00:00:26.114000,296.0,209.0,"",302.0,hard,7.0
0 days 01:23:06.062000,63,"",11,0 days 01:21:51.279000,"","",0 days 00:00:34.271000,0 days 00:00:22.688000,299.0,222.0,280.0,296.0,soft,2.0
0 days 01:24:13.009000,63,0 days 00:01:06.947000,12,"","",0 days 00:00:16.828000,0 days 00:00:29.499000,0 days 00:00:20.620000,308.0,243.0,274.0,310.0,soft,3.0
0 days 01:25:36.738000,63,0 days 00:01:23.729000,13,"","",0 days 00:00:19.059000,0 days 00:00:39.149000,0 days 00:00:25.521000,279.0,166.0,280.0,283.0,soft,4.0
0 days 01:26:43.427000,63,0 days 00:01:06.689000,14,"","",0 days 00:00:16.848000,0 days 00:00:29.425000,0 days 00:00:20.416000,306.0,241.0,281.0,310.0,soft,5.0
0 days 01:28:08.533000,63,0 days 00:01:25.106000,15,"","",0 days 00:00:18.985000,0 days 00:00:39.929000,0 days 00:00:26.192000,279.0,181.0,280.0,230.0,soft,6.0
0 days 01:29:22.277000,63,0 days 00:01:13.744000,16,"","",0 days 00:00:16.686000,0 days 00:00:29.530000,0 days 00:00:27.528000,308.0,241.0,190.0,311.0,soft,7.0
0 days 01:30:51.319000,63,0 days 00:01:29.042000,17,"","",0 days 00:00:21.423000,0 days 00:00:39.220000,0 days 00:00:28.399000,177.0,212.0,281.0,216.0,soft,8.0
0 days 01:31:57.893000,63,0 days 00:01:06.574000,18,"","",0 days 00:00:16.718000,0 days 00:00:29.444000,0 days 00:00:20.412000,312.0,241.0,282.0,312.0,soft,9.0
0 days 01:33:26.222000,63,0 days 00:01:28.329000,19,"","",0 days 00:00:18.927000,0 days 00:00:41.455000,0 days 00:00:27.947000,233.0,165.0,280.0,285.0,soft,10.0
0 days 01:34:32.717000,63,0 days 00:01:06.495000,20,"","",0 days 00:00:16.863000,0 days 00:00:29.384000,0 days 00:00:20.248000,309.0,242.0,282.0,309.0,soft,11.0
0 days 01:36:01.685000,63,0 days 00:01:28.968000,21,"","",0 days 00:00:18.672000,0 days 00:00:40.348000,0 days 00:00:29.948000,280.0,100.0,281.0,224.0,soft,12.0
0 days 01:37:08.342000,63,0 days 00:01:06.657000,22,"","",0 days 00:00:16.758000,0 days 00:00:29.499000,0 days 00:00:20.400000,306.0,240.0,281.0,309.0,soft,13.0
0 days 01:38:16.628000,63,0 days 00:01:08.286000,23,"","",0 days 00:00:17.229000,0 days 00:00:30.138000,0 days 00:00:20.919000,280.0,233.0,264.0,288.0,soft,14.0
0 days 01:39:25.099000,63,0 days 00:01:08.471000,24,"","",0 days 00:00:17.739000,0 days 00:00:30.021000,0 days 00:00:20.711000,279.0,231.0,272.0,303.0,soft,15.0
0 days 01:40:33.480000,63,0 days 00:01:08.381000,25,"","",0 days 00:00:17.398000,0 days 00:00:30.286000,0 days 00:00:20.697000,285.0,227.0,269.0,290.0,soft,16.0
0 days 01:41:48.211000,63,"",26,"",0 days 01:41:48.211000,0 days 00:00:19.570000,0 days 00:00:38.428000,0 days 00:00:20.697000,215.0,168.0,269.0,186.0,soft,17.0
0 days 00:11:25.015000,55,"",1,0 days 00:10:00.718000,0 days 00:11:21.572000,"",0 days 00:00:34.017000,0 days 00:00:30.010000,274.0,218.0,"",301.0,medium,1.0
0 days 00:25:13.212000,55,"",2,0 days 00:23:57.434000,"","",0 days 00:00:33.209000,0 days 00:00:23.095000,283.0,216.0,275.0,294.0,medium,2.0
0 days 00:26:22.556000,55,0 days 00:01:09.344000,3,"","",0 days 00:00:17.492000,0 days 00:00:30.304000,0 days 00:00:21.548000,301.0,238.0,278.0,306.0,medium,3.0
0 days 00:27:30.936000,55,0 days 00:01:08.380000,4,"","",0 days 00:00:17.240000,0 days 00:00:29.939000,0 days 00:00:21.201000,303.0,240.0,279.0,307.0,medium,4.0
0 days 00:28:55.366000,55,0 days 00:01:24.430000,5,"",0 days 00:28:51.787000,0 days 00:00:19.814000,0 days 00:00:35.436000,0 days 00:00:29.180000,261.0,208.0,"",264.0,medium,5.0
0 days 00:37:25.866000,55,"",6,0 days 00:35:56.166000,"","",0 days 00:00:40.754000,0 days 00:00:28.809000,259.0,151.0,258.0,250.0,intermediate,1.0
0 days 00:38:59.907000,55,0 days 00:01:34.041000,7,"",0 days 00:38:56.467000,0 days 00:00:20.771000,0 days 00:00:39.650000,0 days 00:00:33.620000,264.0,162.0,"",262.0,intermediate,2.0
0 days 00:47:12.099000,55,"",8,0 days 00:46:00.878000,"","",0 days 00:00:31.569000,0 days 00:00:22.138000,291.0,227.0,280.0,295.0,medium,6.0
0 days 00:48:19.119000,55,0 days 00:01:07.020000,9,"","",0 days 00:00:16.877000,0 days 00:00:29.613000,0 days 00:00:20.530000,306.0,243.0,287.0,309.0,medium,7.0
0 days 00:49:36.495000,55,0 days 00:01:17.376000,10,"","",0 days 00:00:19.111000,0 days 00:00:35.930000,0 days 00:00:22.335000,266.0,218.0,280.0,271.0,medium,8.0
0 days 00:50:43.036000,55,0 days 00:01:06.541000,11,"","",0 days 00:00:16.764000,0 days 00:00:29.364000,0 days 00:00:20.413000,308.0,244.0,286.0,309.0,medium,9.0
0 days 00:52:20.246000,55,0 days 00:01:37.210000,12,"","",0 days 00:00:23.022000,0 days 00:00:48.208000,0 days 00:00:25.980000,206.0,181.0,279.0,118.0,medium,10.0
0 days 00:53:26.855000,55,0 days 00:01:06.609000,13,"","",0 days 00:00:16.810000,0 days 00:00:29.398000,0 days 00:00:20.401000,308.0,242.0,283.0,310.0,medium,11.0
0 days 00:54:52.933000,55,0 days 00:01:26.078000,14,"","",0 days 00:00:19.033000,0 days 00:00:41.084000,0 days 00:00:25.961000,221.0,172.0,279.0,263.0,medium,12.0
0 days 00:56:04.724000,55,0 days 00:01:11.791000,15,"","",0 days 00:00:16.698000,0 days 00:00:31.990000,0 days 00:00:23.103000,312.0,206.0,281.0,314.0,medium,13.0
0 days 00:57:11.765000,55,0 days 00:01:07.041000,16,"","",0 days 00:00:16.667000,0 days 00:00:29.178000,0 days 00:00:21.196000,"",244.0,276.0,312.0,medium,14.0
0 days 00:58:31.797000,55,0 days 00:01:20.032000,17,"","",0 days 00:00:19.359000,0 days 00:00:36.425000,0 days 00:00:24.248000,269.0,193.0,283.0,173.0,medium,15.0
0 days 00:59:37.875000,55,0 days 00:01:06.078000,18,"","",0 days 00:00:16.574000,0 days 00:00:29.261000,0 days 00:00:20.243000,312.0,243.0,286.0,311.0,medium,16.0
0 days 01:01:00.611000,55,0 days 00:01:22.736000,19,"",0 days 01:00:57.230000,0 days 00:00:19.282000,0 days 00:00:34.692000,0 days 00:00:28.762000,262.0,187.0,"",265.0,medium,17.0
0 days 01:02:43.121000,55,0 days 00:01:42.510000,20,0 days 01:01:32.178000,"",0 days 00:00:49.064000,0 days 00:00:32.020000,0 days 00:00:21.426000,288.0,223.0,281.0,292.0,medium,18.0
0 days 01:03:56.393000,55,0 days 00:01:13.272000,21,"",0 days 01:03:53.020000,0 days 00:00:16.777000,0 days 00:00:29.428000,0 days 00:00:27.067000,307.0,244.0,"",311.0,medium,19.0
0 days 01:12:57.600000,55,"",22,0 days 01:11:45.274000,"","",0 days 00:00:32.646000,0 days 00:00:21.863000,280.0,214.0,282.0,293.0,soft,1.0
0 days 01:14:03.082000,55,0 days 00:01:05.482000,23,"","",0 days 00:00:16.585000,0 days 00:00:28.786000,0 days 00:00:20.111000,308.0,246.0,283.0,310.0,soft,2.0
0 days 01:15:22.891000,55,0 days 00:01:19.809000,24,"","",0 days 00:00:19.755000,0 days 00:00:36.540000,0 days 00:00:23.514000,261.0,192.0,283.0,256.0,soft,3.0
0 days 01:16:28.322000,55,0 days 00:01:05.431000,25,"","",0 days 00:00:16.586000,0 days 00:00:28.833000,0 days 00:00:20.012000,310.0,243.0,284.0,311.0,soft,4.0
0 days 01:17:53.257000,55,0 days 00:01:24.935000,26,"",0 days 01:17:49.784000,0 days 00:00:19.495000,0 days 00:00:36.612000,0 days 00:00:28.828000,261.0,186.0,"",236.0,soft,5.0
0 days 01:19:37.132000,55,0 days 00:01:43.875000,27,0 days 01:18:24.121000,"",0 days 00:00:47.842000,0 days 00:00:32.952000,0 days 00:00:23.081000,288.0,193.0,282.0,295.0,soft,6.0
0 days 01:20:52.332000,55,0 days 00:01:15.200000,28,"","",0 days 00:00:16.639000,0 days 00:00:28.927000,0 days 00:00:29.634000,308.0,243.0,129.0,310.0,soft,7.0
0 days 01:22:12.357000,55,0 days 00:01:20.025000,29,"","",0 days 00:00:24.885000,0 days 00:00:32.333000,0 days 00:00:22.807000,275.0,221.0,282.0,271.0,soft,8.0
0 days 01:23:17.818000,55,0 days 00:01:05.461000,30,"","",0 days 00:00:16.584000,0 days 00:00:28.850000,0 days 00:00:20.027000,312.0,245.0,284.0,313.0,soft,9.0
0 days 01:24:34.109000,55,0 days 00:01:16.291000,31,"","",0 days 00:00:18.941000,0 days 00:00:34.449000,0 days 00:00:22.901000,262.0,197.0,282.0,265.0,soft,10.0
0 days 01:25:39.677000,55,0 days 00:01:05.568000,32,"","",0 days 00:00:16.640000,0 days 00:00:28.886000,0 days 00:00:20.042000,309.0,245.0,285.0,311.0,soft,11.0
0 days 01:27:00.535000,55,0 days 00:01:20.858000,33,"",0 days 01:26:57.259000,0 days 00:00:19.047000,0 days 00:00:35.498000,0 days 00:00:26.313000,241.0,216.0,"",246.0,soft,12.0
0 days 01:28:40.447000,55,0 days 00:01:39.912000,34,0 days 01:27:24.542000,"",0 days 00:00:42.359000,0 days 00:00:34.827000,0 days 00:00:22.726000,244.0,192.0,282.0,245.0,soft,13.0
0 days 01:29:46.015000,55,0 days 00:01:05.568000,35,"","",0 days 00:00:16.604000,0 days 00:00:28.931000,0 days 00:00:20.033000,309.0,245.0,283.0,312.0,soft,14.0
0 days 01:31:07,55,0 days 00:01:20.985000,36,"",0 days 01:31:03.657000,0 days 00:00:20.444000,0 days 00:00:34.938000,0 days 00:00:25.603000,238.0,200.0,"",234.0,soft,15.0
0 days 01:37:48.453000,55,"",37,0 days 01:36:35.967000,"","",0 days 00:00:31.831000,0 days 00:00:21.873000,295.0,228.0,270.0,296.0,medium,20.0
0 days 01:38:57.720000,55,0 days 00:01:09.267000,38,"","",0 days 00:00:17.548000,0 days 00:00:30.464000,0 days 00:00:21.255000,291.0,231.0,271.0,295.0,medium,21.0
0 days 01:40:13.376000,55,0 days 00:01:15.656000,39,"","",0 days 00:00:17.480000,0 days 00:00:30.569000,0 days 00:00:27.607000,"",226.0,205.0,296.0,medium,22.0
0 days 01:41:48.211000,55,"",40,"",0 days 01:41:48.211000,0 days 00:00:22.914000,0 days 00:00:38.591000,0 days 00:00:27.607000,239.0,166.0,205.0,203.0,medium,23.0
0 days 00:16:28.326000,44,"",1,0 days 00:15:00.364000,0 days 00:16:24.866000,"",0 days 00:00:36.725000,0 days 00:00:30.400000,255.0,215.0,"",282.0,hard,1.0
0 days 00:27:56.658000,44,"",2,0 days 00:26:29.406000,0 days 00:27:53.111000,"",0 days 00:00:35.446000,0 days 00:00:30.938000,247.0,225.0,"",251.0,hard,2.0
0 days 00:34:04.964000,44,"",3,0 days 00:32:46.303000,"","",0 days 00:00:34.774000,0 days 00:00:25.051000,282.0,206.0,263.0,281.0,intermediate,1.0
0 days 00:35:25.847000,44,0 days 00:01:20.883000,4,"",0 days 00:35:22.473000,0 days 00:00:18.696000,0 days 00:00:33.440000,0 days 00:00:28.747000,300.0,219.0,"",302.0,intermediate,2.0
0 days 00:40:57.596000,44,"",5,0 days 00:39:40.793000,"","",0 days 00:00:34.163000,0 days 00:00:23.794000,287.0,215.0,277.0,291.0,hard,3.0
0 days 00:42:08.305000,44,0 days 00:01:10.709000,6,"","",0 days 00:00:17.397000,0 days 00:00:31.145000,0 days 00:00:22.167000,310.0,222.0,278.0,311.0,hard,4.0
0 days 00:43:15.906000,44,0 days 00:01:07.601000,7,"","",0 days 00:00:17.024000,0 days 00:00:30.027000,0 days 00:00:20.550000,295.0,241.0,280.0,300.0,hard,5.0
0 days 00:44:22.900000,44,0 days 00:01:06.994000,8,"","",0 days 00:00:16.953000,0 days 00:00:29.699000,0 days 00:00:20.342000,294.0,241.0,280.0,299.0,hard,6.0
0 days 00:45:54.756000,44,0 days 00:01:31.856000,9,"","",0 days 00:00:18.491000,0 days 00:00:42.826000,0 days 00:00:30.539000,265.0,144.0,276.0,219.0,hard,7.0
0 days 00:47:01.480000,44,0 days 00:01:06.724000,10,"","",0 days 00:00:16.987000,0 days 00:00:29.583000,0 days 00:00:20.154000,307.0,243.0,282.0,309.0,hard,8.0
0 days 00:48:18.154000,44,0 days 00:01:16.674000,11,"","",0 days 00:00:19.315000,0 days 00:00:34.825000,0 days 00:00:22.534000,267.0,225.0,280.0,283.0,hard,9.0
0 days 00:49:24.701000,44,0 days 00:01:06.547000,12,"","",0 days 00:00:16.669000,0 days 00:00:29.790000,0 days 00:00:20.088000,310.0,245.0,282.0,310.0,hard,10.0
0 days 00:50:46.260000,44,0 days 00:01:21.559000,13,"","",0 days 00:00:19.095000,0 days 00:00:37.569000,0 days 00:00:24.895000,238.0,222.0,280.0,228.0,hard,11.0
0 days 00:51:52.465000,44,0 days 00:01:06.205000,14,"","",0 days 00:00:16.689000,0 days 00:00:29.565000,0 days 00:00:19.951000,313.0,243.0,285.0,313.0,hard,12.0
0 days 00:53:07.566000,44,0 days 00:01:15.101000,15,"","",0 days 00:00:18.081000,0 days 00:00:34.166000,0 days 00:00:22.854000,279.0,219.0,281.0,270.0,hard,13.0
0 days 00:54:13.980000,44,0 days 00:01:06.414000,16,"","",0 days 00:00:16.708000,0 days 00:00:29.636000,0 days 00:00:20.070000,309.0,245.0,282.0,310.0,hard,14.0
0 days 00:55:30.456000,44,0 days 00:01:16.476000,17,"",0 days 00:55:27.128000,0 days 00:00:16.675000,0 days 00:00:33.231000,0 days 00:00:26.570000,302.0,198.0,"",271.0,hard,15.0
0 days 01:07:39.987000,44,"",18,0 days 01:06:22.886000,"","",0 days 00:00:35.455000,0 days 00:00:23.095000,288.0,219.0,282.0,295.0,soft,1.0
0 days 01:08:44.955000,44,0 days 00:01:04.968000,19,"","",0 days 00:00:16.586000,0 days 00:00:28.695000,0 days 00:00:19.687000,309.0,248.0,281.0,312.0,soft,2.0
0 days 01:10:16.581000,44,0 days 00:01:31.626000,20,"","",0 days 00:00:24.279000,0 days 00:00:41.919000,0 days 00:00:25.428000,148.0,217.0,280.0,200.0,soft,3.0
0 days 01:11:34.785000,44,0 days 00:01:18.204000,21,"",0 days 01:11:31.323000,0 days 00:00:16.661000,0 days 00:00:33.935000,0 days 00:00:27.608000,299.0,214.0,"",273.0,soft,4.0
0 days 01:13:24.782000,44,0 days 00:01:49.997000,22,0 days 01:12:09.496000,"",0 days 00:00:52.233000,0 days 00:00:34.255000,0 days 00:00:23.509000,303.0,219.0,282.0,286.0,soft,5.0
0 days 01:14:29.598000,44,0 days 00:01:04.816000,23,"","",0 days 00:00:16.437000,0 days 00:00:28.758000,0 days 00:00:19.621000,311.0,245.0,283.0,313.0,soft,6.0
0 days 01:15:51.157000,44,0 days 00:01:21.559000,24,"",0 days 01:15:47.743000,0 days 00:00:20.704000,0 days 00:00:35.424000,0 days 00:00:25.431000,187.0,221.0,"",261.0,soft,7.0
0 days 01:22:13.495000,44,"",25,0 days 01:21:53.276000,"","",0 days 00:00:34.629000,0 days 00:00:24.681000,286.0,218.0,270.0,276.0,soft,8.0
0 days 01:23:22.421000,44,0 days 00:01:08.926000,26,"","",0 days 00:00:17.347000,0 days 00:00:30.558000,0 days 00:00:21.021000,285.0,236.0,271.0,291.0,soft,9.0
0 days 01:24:30.821000,44,0 days 00:01:08.400000,27,"","",0 days 00:00:17.264000,0 days 00:00:30.303000,0 days 00:00:20.833000,291.0,238.0,272.0,298.0,soft,10.0
0 days 01:25:39.260000,44,0 days 00:01:08.439000,28,"","",0 days 00:00:17.390000,0 days 00:00:30.268000,0 days 00:00:20.781000,295.0,236.0,272.0,300.0,soft,11.0
0 days 01:26:47.871000,44,0 days 00:01:08.611000,29,"","",0 days 00:00:17.415000,0 days 00:00:30.313000,0 days 00:00:20.883000,285.0,234.0,269.0,291.0,soft,12.0
0 days 01:27:55.900000,44,0 days 00:01:08.029000,30,"","",0 days 00:00:17.182000,0 days 00:00:30.223000,0 days 00:00:20.624000,297.0,237.0,274.0,299.0,soft,13.0
0 days 01:29:05.546000,44,0 days 00:01:09.646000,31,"","",0 days 00:00:17.245000,0 days 00:00:31.178000,0 days 00:00:21.223000,292.0,235.0,274.0,298.0,soft,14.0
0 days 01:30:14.310000,44,0 days 00:01:08.764000,32,"","",0 days 00:00:17.320000,0 days 00:00:30.643000,0 days 00:00:20.801000,294.0,237.0,273.0,303.0,soft,15.0
0 days 01:31:22.391000,44,0 days 00:01:08.081000,33,"","",0 days 00:00:17.264000,0 days 00:00:30.155000,0 days 00:00:20.662000,291.0,235.0,271.0,298.0,soft,16.0
0 days 01:32:30.581000,44,0 days 00:01:08.190000,34,"","",0 days 00:00:17.274000,0 days 00:00:30.239000,0 days 00:00:20.677000,293.0,236.0,274.0,299.0,soft,17.0
0 days 01:33:39.402000,44,0 days 00:01:08.821000,35,"","",0 days 00:00:17.337000,0 days 00:00:30.649000,0 days 00:00:20.835000,297.0,232.0,274.0,298.0,soft,18.0
0 days 01:34:47.913000,44,0 days 00:01:08.511000,36,"","",0 days 00:00:17.288000,0 days 00:00:30.525000,0 days 00:00:20.698000,"",235.0,273.0,300.0,soft,19.0
0 days 01:35:57.106000,44,0 days 00:01:09.193000,37,"","",0 days 00:00:17.522000,0 days 00:00:30.750000,0 days 00:00:20.921000,286.0,234.0,272.0,294.0,soft,20.0
0 days 01:37:05.938000,44,0 days 00:01:08.832000,38,"","",0 days 00:00:17.428000,0 days 00:00:30.602000,0 days 00:00:20.802000,294.0,232.0,272.0,299.0,soft,21.0
0 days 01:38:20.071000,44,0 days 00:01:14.133000,39,"",0 days 01:39:14.163000,0 days 00:00:17.832000,0 days 00:00:32.021000,0 days 00:00:24.280000,276.0,225.0,"",282.0,soft,22.0
0 days 01:40:04.141000,44,0 days 00:01:44.070000,40,0 days 01:39:48.291000,"",0 days 00:00:48.027000,0 days 00:00:33.932000,0 days 00:00:22.111000,276.0,216.0,269.0,267.0,soft,23.0
0 days 01:41:48.211000,44,0 days 00:01:44.070000,41,"",0 days 01:41:48.211000,0 days 00:00:18.637000,"",0 days 00:00:22.111000,269.0,"",269.0,275.0,soft,24.0
0 days 00:12:20.615000,33,"",1,0 days 00:10:51.251000,0 days 00:12:17.190000,"",0 days 00:00:36.646000,0 days 00:00:33.649000,224.0,213.0,"",300.0,hard,1.0
0 days 00:39:13.768000,33,"",2,0 days 00:37:48.614000,"","",0 days 00:00:39.051000,0 days 00:00:26.427000,267.0,189.0,253.0,264.0,intermediate,1.0
0 days 00:40:35.002000,33,0 days 00:01:21.234000,3,"",0 days 00:40:31.541000,0 days 00:00:18.588000,0 days 00:00:34.322000,0 days 00:00:28.324000,297.0,211.0,"",295.0,intermediate,2.0
0 days 00:46:58.006000,33,"",4,0 days 00:45:44.543000,"","",0 days 00:00:31.349000,0 days 00:00:24.064000,296.0,225.0,272.0,296.0,hard,2.0
0 days 00:48:06.773000,33,0 days 00:01:08.767000,5,"","",0 days 00:00:17.610000,0 days 00:00:30.072000,0 days 00:00:21.085000,300.0,225.0,274.0,296.0,hard,3.0
0 days 00:49:14.693000,33,0 days 00:01:07.920000,6,"","",0 days 00:00:17.101000,0 days 00:00:29.942000,0 days 00:00:20.877000,303.0,231.0,275.0,297.0,hard,4.0
0 days 00:50:22.377000,33,0 days 00:01:07.684000,7,"","",0 days 00:00:16.953000,0 days 00:00:29.906000,0 days 00:00:20.825000,306.0,232.0,276.0,293.0,hard,5.0
0 days 00:51:37.681000,33,0 days 00:01:15.304000,8,"","",0 days 00:00:17.185000,0 days 00:00:35.676000,0 days 00:00:22.443000,302.0,223.0,275.0,251.0,hard,6.0
0 days 00:52:44.875000,33,0 days 00:01:07.194000,9,"","",0 days 00:00:17.112000,0 days 00:00:29.645000,0 days 00:00:20.437000,299.0,239.0,276.0,301.0,hard,7.0
0 days 00:54:08.418000,33,0 days 00:01:23.543000,10,"","",0 days 00:00:21.520000,0 days 00:00:38.924000,0 days 00:00:23.099000,209.0,218.0,276.0,257.0,hard,8.0
0 days 00:55:15.308000,33,0 days 00:01:06.890000,11,"","",0 days 00:00:16.924000,0 days 00:00:29.622000,0 days 00:00:20.344000,301.0,239.0,278.0,303.0,hard,9.0
0 days 00:56:43.054000,33,0 days 00:01:27.746000,12,"",0 days 00:56:39.651000,0 days 00:00:18.576000,0 days 00:00:38.173000,0 days 00:00:30.997000,250.0,75.0,"",250.0,hard,10.0
0 days 00:58:37.830000,33,0 days 00:01:54.776000,13,0 days 00:57:25.989000,"",0 days 00:01:00.287000,0 days 00:00:32.222000,0 days 00:00:22.267000,287.0,223.0,277.0,289.0,hard,11.0
0 days 00:59:44.621000,33,0 days 00:01:06.791000,14,"","",0 days 00:00:16.998000,0 days 00:00:29.505000,0 days 00:00:20.288000,301.0,238.0,280.0,302.0,hard,12.0
0 days 01:01:01.170000,33,0 days 00:01:16.549000,15,"","",0 days 00:00:18.643000,0 days 00:00:32.670000,0 days 00:00:25.236000,265.0,228.0,278.0,281.0,hard,13.0
0 days 01:02:07.726000,33,0 days 00:01:06.556000,16,"","",0 days 00:00:16.917000,0 days 00:00:29.300000,0 days 00:00:20.339000,301.0,238.0,278.0,302.0,hard,14.0
0 days 01:03:28.288000,33,0 days 00:01:20.562000,17,"","",0 days 00:00:18.890000,0 days 00:00:33.747000,0 days 00:00:27.925000,215.0,217.0,276.0,262.0,hard,15.0
0 days 01:04:34.812000,33,0 days 00:01:06.524000,18,"","",0 days 00:00:16.880000,0 days 00:00:29.428000,0 days 00:00:20.216000,305.0,238.0,277.0,303.0,hard,16.0
0 days 01:05:48.697000,33,0 days 00:01:13.885000,19,"","",0 days 00:00:18.855000,0 days 00:00:33.062000,0 days 00:00:21.968000,246.0,234.0,277.0,277.0,hard,17.0
0 days 01:06:56.288000,33,0 days 00:01:07.591000,20,"","",0 days 00:00:16.977000,0 days 00:00:29.310000,0 days 00:00:21.304000,299.0,240.0,185.0,302.0,hard,18.0
0 days 01:08:13.064000,33,0 days 00:01:16.776000,21,"",0 days 01:08:09.628000,0 days 00:00:19.909000,0 days 00:00:31.390000,0 days 00:00:25.477000,225.0,234.0,"",283.0,hard,19.0
0 days 01:23:53.933000,33,"",22,0 days 01:22:40.634000,"","",0 days 00:00:33.155000,0 days 00:00:22.936000,285.0,207.0,279.0,292.0,soft,1.0
0 days 01:25:25.163000,33,0 days 00:01:31.230000,23,"","",0 days 00:00:32.470000,0 days 00:00:36.259000,0 days 00:00:22.501000,281.0,214.0,281.0,266.0,soft,2.0
0 days 01:26:30.581000,33,0 days 00:01:05.418000,24,"","",0 days 00:00:16.709000,0 days 00:00:28.806000,0 days 00:00:19.903000,304.0,244.0,281.0,304.0,soft,3.0
0 days 01:27:55.200000,33,0 days 00:01:24.619000,25,"","",0 days 00:00:22.329000,0 days 00:00:39.178000,0 days 00:00:23.112000,144.0,208.0,280.0,203.0,soft,4.0
0 days 01:29:10.241000,33,0 days 00:01:15.041000,26,"","",0 days 00:00:16.669000,0 days 00:00:33.854000,0 days 00:00:24.518000,305.0,200.0,279.0,309.0,soft,5.0
0 days 01:30:15.945000,33,0 days 00:01:05.704000,27,"","",0 days 00:00:16.712000,0 days 00:00:29.010000,0 days 00:00:19.982000,304.0,243.0,279.0,305.0,soft,6.0
0 days 01:31:45.791000,33,0 days 00:01:29.846000,28,"","",0 days 00:00:19.773000,0 days 00:00:40.045000,0 days 00:00:30.028000,209.0,195.0,232.0,154.0,soft,7.0
0 days 01:33:03.298000,33,0 days 00:01:17.507000,29,"","",0 days 00:00:20.393000,0 days 00:00:34.440000,0 days 00:00:22.674000,237.0,206.0,279.0,263.0,soft,8.0
0 days 01:34:08.996000,33,0 days 00:01:05.698000,30,"","",0 days 00:00:16.742000,0 days 00:00:28.974000,0 days 00:00:19.982000,303.0,244.0,281.0,305.0,soft,9.0
0 days 01:35:29.919000,33,0 days 00:01:20.923000,31,"","",0 days 00:00:19.400000,0 days 00:00:35.703000,0 days 00:00:25.820000,249.0,207.0,243.0,226.0,soft,10.0
0 days 01:36:51.355000,33,0 days 00:01:21.436000,32,"","",0 days 00:00:20.555000,0 days 00:00:36.716000,0 days 00:00:24.165000,252.0,212.0,280.0,214.0,soft,11.0
0 days 01:37:57.078000,33,0 days 00:01:05.723000,33,"","",0 days 00:00:16.746000,0 days 00:00:28.881000,0 days 00:00:20.096000,303.0,242.0,278.0,306.0,soft,12.0
0 days 01:39:23.680000,33,0 days 00:01:26.602000,34,"","",0 days 00:00:20.026000,0 days 00:00:37.734000,0 days 00:00:28.842000,191.0,212.0,280.0,173.0,soft,13.0
0 days 01:40:35.828000,33,0 days 00:01:12.148000,35,"","",0 days 00:00:16.828000,0 days 00:00:32.140000,0 days 00:00:23.180000,306.0,145.0,258.0,308.0,soft,14.0
0 days 01:41:48.211000,33,"",36,"",0 days 01:41:48.211000,0 days 00:00:19.701000,0 days 00:00:38.157000,0 days 00:00:23.180000,221.0,190.0,258.0,194.0,soft,15.0
0 days 00:14:36.866000,31,"",1,0 days 00:12:58.441000,0 days 00:14:30.801000,"",0 days 00:00:40.402000,0 days 00:00:37.373000,251.0,201.0,"",199.0,medium,1.0
0 days 00:37:28.373000,31,"",2,0 days 00:36:00.359000,"","",0 days 00:00:38.533000,0 days 00:00:29.362000,267.0,185.0,254.0,272.0,intermediate,1.0
0 days 00:39:05.098000,31,0 days 00:01:36.725000,3,"",0 days 00:39:00.719000,0 days 00:00:20.422000,0 days 00:00:39.501000,0 days 00:00:36.802000,278.0,172.0,"",287.0,intermediate,2.0
0 days 00:46:54.841000,31,"",4,0 days 00:45:36.251000,"","",0 days 00:00:33.458000,0 days 00:00:25.701000,293.0,225.0,275.0,295.0,medium,2.0
0 days 00:48:03.136000,31,0 days 00:01:08.295000,5,"","",0 days 00:00:17.423000,0 days 00:00:30.019000,0 days 00:00:20.853000,300.0,237.0,283.0,302.0,medium,3.0
0 days 00:49:11.655000,31,0 days 00:01:08.519000,6,"","",0 days 00:00:16.911000,0 days 00:00:30.112000,0 days 00:00:21.496000,310.0,237.0,283.0,311.0,medium,4.0
0 days 00:50:42.409000,31,0 days 00:01:30.754000,7,"","",0 days 00:00:21.587000,0 days 00:00:40.382000,0 days 00:00:28.785000,264.0,169.0,278.0,270.0,medium,5.0
0 days 00:51:50.053000,31,0 days 00:01:07.644000,8,"","",0 days 00:00:16.993000,0 days 00:00:29.880000,0 days 00:00:20.771000,310.0,241.0,288.0,312.0,medium,6.0
0 days 00:53:19.865000,31,0 days 00:01:29.812000,9,"","",0 days 00:00:23.858000,0 days 00:00:38.783000,0 days 00:00:27.171000,191.0,202.0,276.0,281.0,medium,7.0
0 days 00:54:26.785000,31,0 days 00:01:06.920000,10,"","",0 days 00:00:16.894000,0 days 00:00:29.640000,0 days 00:00:20.386000,314.0,244.0,284.0,313.0,medium,8.0
0 days 00:55:33.776000,31,0 days 00:01:06.991000,11,"","",0 days 00:00:16.752000,0 days 00:00:29.751000,0 days 00:00:20.488000,316.0,241.0,279.0,315.0,medium,9.0
0 days 00:56:54.899000,31,0 days 00:01:21.123000,12,"",0 days 00:56:51.438000,0 days 00:00:19.403000,0 days 00:00:35.047000,0 days 00:00:26.673000,269.0,229.0,"",196.0,medium,10.0
0 days 01:06:27.870000,31,"",13,0 days 01:05:13.134000,"","",0 days 00:00:33.373000,0 days 00:00:23.244000,289.0,224.0,279.0,297.0,medium,1.0
0 days 01:07:34.461000,31,0 days 00:01:06.591000,14,"","",0 days 00:00:16.859000,0 days 00:00:29.434000,0 days 00:00:20.298000,311.0,246.0,282.0,313.0,medium,2.0
0 days 01:08:59.648000,31,0 days 00:01:25.187000,15,"","",0 days 00:00:22.563000,0 days 00:00:36.856000,0 days 00:00:25.768000,168.0,206.0,280.0,249.0,medium,3.0
0 days 01:10:06.048000,31,0 days 00:01:06.400000,16,"","",0 days 00:00:16.916000,0 days 00:00:29.252000,0 days 00:00:20.232000,308.0,246.0,285.0,311.0,medium,4.0
0 days 01:11:29.069000,31,0 days 00:01:23.021000,17,"",0 days 01:11:25.614000,0 days 00:00:18.793000,0 days 00:00:36.686000,0 days 00:00:27.542000,269.0,219.0,"",199.0,medium,5.0
0 days 01:13:31.430000,31,0 days 00:02:02.361000,18,0 days 01:12:13.067000,"",0 days 00:01:02.421000,0 days 00:00:33.349000,0 days 00:00:26.591000,287.0,225.0,279.0,303.0,medium,6.0
0 days 01:14:37.805000,31,0 days 00:01:06.375000,19,"","",0 days 00:00:16.803000,0 days 00:00:29.384000,0 days 00:00:20.188000,309.0,245.0,284.0,309.0,medium,7.0
0 days 01:15:59.971000,31,0 days 00:01:22.166000,20,"","",0 days 00:00:19.759000,0 days 00:00:35.721000,0 days 00:00:26.686000,266.0,171.0,279.0,278.0,medium,8.0
0 days 01:17:06.241000,31,0 days 00:01:06.270000,21,"","",0 days 00:00:16.841000,0 days 00:00:29.222000,0 days 00:00:20.207000,309.0,244.0,282.0,310.0,medium,9.0
0 days 01:18:28.851000,31,0 days 00:01:22.610000,22,"",0 days 01:41:48.211000,0 days 00:00:18.045000,0 days 00:00:35.048000,0 days 00:00:29.517000,282.0,233.0,282.0,199.0,medium,10.0
0 days 00:12:23.578000,26,"",1,0 days 00:10:46.258000,0 days 00:12:20.110000,"",0 days 00:00:40.245000,0 days 00:00:33.516000,248.0,166.0,"",244.0,medium,1.0
0 days 00:37:49.176000,26,"",2,0 days 00:36:28.829000,"","",0 days 00:00:35.662000,0 days 00:00:24.682000,241.0,203.0,258.0,290.0,intermediate,1.0
0 days 00:39:07.800000,26,0 days 00:01:18.624000,3,"",0 days 00:39:04.346000,0 days 00:00:17.980000,0 days 00:00:31.873000,0 days 00:00:28.771000,302.0,218.0,"",303.0,intermediate,2.0
0 days 00:49:42.655000,26,"",4,0 days 00:48:26.027000,"","",0 days 00:00:34.246000,0 days 00:00:22.740000,211.0,225.0,278.0,292.0,medium,2.0
0 days 00:50:51.827000,26,0 days 00:01:09.172000,5,"","",0 days 00:00:16.890000,0 days 00:00:29.880000,0 days 00:00:22.402000,308.0,224.0,274.0,311.0,medium,3.0
0 days 00:52:24.586000,26,0 days 00:01:32.759000,6,"",0 days 00:52:21.228000,0 days 00:00:21.651000,0 days 00:00:38.982000,0 days 00:00:32.126000,157.0,187.0,"",194.0,medium,4.0
0 days 00:58:15.899000,26,"",7,0 days 00:57:01.873000,"","",0 days 00:00:32.776000,0 days 00:00:23.262000,286.0,224.0,278.0,285.0,medium,5.0
0 days 00:59:23.801000,26,0 days 00:01:07.902000,8,"","",0 days 00:00:17.088000,0 days 00:00:29.855000,0 days 00:00:20.959000,306.0,240.0,278.0,307.0,medium,6.0
0 days 01:00:49.434000,26,0 days 00:01:25.633000,9,"","",0 days 00:00:19.400000,0 days 00:00:38.936000,0 days 00:00:27.297000,273.0,191.0,282.0,226.0,medium,7.0
0 days 01:01:56.473000,26,0 days 00:01:07.039000,10,"","",0 days 00:00:16.772000,0 days 00:00:29.689000,0 days 00:00:20.578000,310.0,236.0,282.0,310.0,medium,8.0
0 days 01:03:22.861000,26,0 days 00:01:26.388000,11,"","",0 days 00:00:19.835000,0 days 00:00:40.563000,0 days 00:00:25.990000,277.0,202.0,277.0,247.0,medium,9.0
0 days 01:04:30.215000,26,0 days 00:01:07.354000,12,"","",0 days 00:00:17.008000,0 days 00:00:29.669000,0 days 00:00:20.677000,304.0,234.0,282.0,307.0,medium,10.0
0 days 01:05:49.031000,26,0 days 00:01:18.816000,13,"",0 days 01:05:45.591000,0 days 00:00:19.029000,0 days 00:00:34.331000,0 days 00:00:25.456000,281.0,218.0,"",267.0,medium,11.0
0 days 01:36:33.743000,26,"",14,0 days 01:35:19.360000,"","",0 days 00:00:33.075000,0 days 00:00:22.816000,284.0,224.0,278.0,277.0,medium,1.0
0 days 01:37:40.686000,26,0 days 00:01:06.943000,15,"","",0 days 00:00:16.911000,0 days 00:00:29.528000,0 days 00:00:20.504000,305.0,243.0,281.0,308.0,medium,2.0
0 days 01:39:04.601000,26,0 days 00:01:23.915000,16,"","",0 days 00:00:19.691000,0 days 00:00:39.786000,0 days 00:00:24.438000,264.0,148.0,280.0,281.0,medium,3.0
0 days 01:40:14.533000,26,0 days 00:01:09.932000,17,"","",0 days 00:00:16.699000,0 days 00:00:29.473000,0 days 00:00:23.760000,308.0,232.0,225.0,310.0,medium,4.0
0 days 01:41:48.211000,26,"",18,"",0 days 01:41:48.211000,0 days 00:00:22.557000,0 days 00:00:36.419000,0 days 00:00:23.760000,257.0,163.0,225.0,241.0,medium,5.0
0 days 00:11:37.886000,23,"",1,0 days 00:10:08.195000,0 days 00:11:33.808000,"",0 days 00:00:37.096000,0 days 00:00:30.791000,259.0,199.0,"",230.0,hard,1.0
0 days 00:39:36.387000,23,"",2,0 days 00:38:09.075000,"","",0 days 00:00:39.690000,0 days 00:00:26.918000,262.0,192.0,250.0,232.0,intermediate,1.0
0 days 00:41:04.023000,23,0 days 00:01:27.636000,3,"",0 days 00:41:00.512000,0 days 00:00:19.589000,0 days 00:00:37.541000,0 days 00:00:30.506000,252.0,197.0,"",254.0,intermediate,2.0
0 days 00:48:28.324000,23,"",4,0 days 00:47:10.979000,"","",0 days 00:00:34.331000,0 days 00:00:23.569000,291.0,213.0,270.0,284.0,hard,2.0
0 days 00:49:38.274000,23,0 days 00:01:09.950000,5,"","",0 days 00:00:17.468000,0 days 00:00:30.808000,0 days 00:00:21.674000,303.0,224.0,275.0,302.0,hard,3.0
0 days 00:50:47.094000,23,0 days 00:01:08.820000,6,"","",0 days 00:00:17.222000,0 days 00:00:30.183000,0 days 00:00:21.415000,308.0,231.0,280.0,306.0,hard,4.0
0 days 00:51:55.082000,23,0 days 00:01:07.988000,7,"","",0 days 00:00:16.853000,0 days 00:00:30.096000,0 days 00:00:21.039000,313.0,233.0,279.0,306.0,hard,5.0
0 days 00:53:17.319000,23,0 days 00:01:22.237000,8,"","",0 days 00:00:16.922000,0 days 00:00:36.460000,0 days 00:00:28.855000,311.0,143.0,274.0,292.0,hard,6.0
0 days 00:54:25.171000,23,0 days 00:01:07.852000,9,"","",0 days 00:00:17.176000,0 days 00:00:29.930000,0 days 00:00:20.746000,306.0,233.0,277.0,296.0,hard,7.0
0 days 00:55:32.626000,23,0 days 00:01:07.455000,10,"","",0 days 00:00:16.908000,0 days 00:00:29.877000,0 days 00:00:20.670000,308.0,230.0,278.0,296.0,hard,8.0
0 days 00:56:55.060000,23,0 days 00:01:22.434000,11,"","",0 days 00:00:21.076000,0 days 00:00:38.661000,0 days 00:00:22.697000,231.0,209.0,275.0,244.0,hard,9.0
0 days 00:58:02.354000,23,0 days 00:01:07.294000,12,"","",0 days 00:00:16.946000,0 days 00:00:29.697000,0 days 00:00:20.651000,304.0,229.0,278.0,296.0,hard,10.0
0 days 00:59:09.508000,23,0 days 00:01:07.154000,13,"","",0 days 00:00:17.092000,0 days 00:00:29.596000,0 days 00:00:20.466000,303.0,233.0,282.0,295.0,hard,11.0
0 days 01:00:26.741000,23,0 days 00:01:17.233000,14,"","",0 days 00:00:17.496000,0 days 00:00:35.265000,0 days 00:00:24.472000,247.0,197.0,279.0,287.0,hard,12.0
0 days 01:01:33.095000,23,0 days 00:01:06.354000,15,"","",0 days 00:00:16.868000,0 days 00:00:29.344000,0 days 00:00:20.142000,303.0,243.0,279.0,304.0,hard,13.0
0 days 01:02:53.967000,23,0 days 00:01:20.872000,16,"",0 days 01:02:50.568000,0 days 00:00:18.535000,0 days 00:00:36.299000,0 days 00:00:26.038000,262.0,222.0,"",265.0,hard,14.0
0 days 01:20:17.687000,23,"",17,0 days 01:18:56.209000,"","",0 days 00:00:35.287000,0 days 00:00:26.131000,253.0,221.0,280.0,266.0,soft,1.0
0 days 01:21:48.451000,23,0 days 00:01:30.764000,18,"","",0 days 00:00:16.738000,0 days 00:00:47.387000,0 days 00:00:26.639000,304.0,198.0,279.0,157.0,soft,2.0
0 days 01:22:54.152000,23,0 days 00:01:05.701000,19,"","",0 days 00:00:16.781000,0 days 00:00:28.899000,0 days 00:00:20.021000,303.0,247.0,283.0,305.0,soft,3.0
0 days 01:24:26.318000,23,0 days 00:01:32.166000,20,"",0 days 01:24:22.869000,0 days 00:00:22.747000,0 days 00:00:40.156000,0 days 00:00:29.263000,216.0,195.0,"",192.0,soft,4.0
0 days 01:26:20.236000,23,0 days 00:01:53.918000,21,0 days 01:24:52.508000,"",0 days 00:00:47.045000,0 days 00:00:42.185000,0 days 00:00:24.688000,258.0,191.0,279.0,209.0,soft,5.0
0 days 01:27:26.482000,23,0 days 00:01:06.246000,22,"","",0 days 00:00:16.768000,0 days 00:00:29.287000,0 days 00:00:20.191000,305.0,243.0,280.0,307.0,soft,6.0
0 days 01:28:50.034000,23,0 days 00:01:23.552000,23,"","",0 days 00:00:18.607000,0 days 00:00:39.181000,0 days 00:00:25.764000,220.0,180.0,279.0,234.0,soft,7.0
0 days 01:29:56.975000,23,0 days 00:01:06.941000,24,"","",0 days 00:00:16.751000,0 days 00:00:29.947000,0 days 00:00:20.243000,305.0,243.0,279.0,307.0,soft,8.0
0 days 01:31:19.471000,23,0 days 00:01:22.496000,25,"",0 days 01:31:16.090000,0 days 00:00:19.339000,0 days 00:00:36.562000,0 days 00:00:26.595000,248.0,195.0,"",272.0,soft,9.0
0 days 01:38:45.109000,23,"",26,0 days 01:37:27.359000,"","",0 days 00:00:33.839000,0 days 00:00:22.470000,255.0,221.0,271.0,275.0,soft,10.0
0 days 01:39:55.074000,23,0 days 00:01:09.965000,27,"","",0 days 00:00:18.512000,0 days 00:00:30.218000,0 days 00:00:21.235000,303.0,230.0,274.0,306.0,soft,11.0
0 days 01:40:00.832000,23,0 days 00:01:47.379000,28,"","",0 days 00:00:19.268000,0 days 00:00:38.255000,0 days 00:00:49.856000,194.0,187.0,52.0,231.0,soft,12.0
0 days 01:41:48.211000,23,0 days 00:01:47.379000,29,"",0 days 01:41:48.211000,"","",0 days 00:00:49.856000,"","",52.0,"",soft,13.0
0 days 00:11:48.556000,20,"",1,0 days 00:10:13.516000,0 days 00:11:44.991000,"",0 days 00:00:40.315000,0 days 00:00:31.574000,198.0,204.0,"",197.0,hard,1.0
0 days 00:36:12.735000,20,"",2,0 days 00:34:53.732000,"","",0 days 00:00:34.503000,0 days 00:00:25.278000,273.0,212.0,270.0,293.0,intermediate,1.0
0 days 00:37:35.180000,20,0 days 00:01:22.445000,3,"",0 days 00:37:31.652000,0 days 00:00:17.928000,0 days 00:00:31.788000,0 days 00:00:32.729000,302.0,222.0,"",300.0,intermediate,2.0
0 days 00:47:56.518000,20,"",4,0 days 00:46:35.183000,"","",0 days 00:00:34.611000,0 days 00:00:26.368000,249.0,217.0,273.0,293.0,hard,2.0
0 days 00:49:06.955000,20,0 days 00:01:10.437000,5,"","",0 days 00:00:17.460000,0 days 00:00:31.626000,0 days 00:00:21.351000,306.0,233.0,275.0,304.0,hard,3.0
0 days 00:50:15.550000,20,0 days 00:01:08.595000,6,"","",0 days 00:00:17.245000,0 days 00:00:30.315000,0 days 00:00:21.035000,305.0,238.0,273.0,301.0,hard,4.0
0 days 00:51:23.564000,20,0 days 00:01:08.014000,7,"","",0 days 00:00:17.240000,0 days 00:00:30.019000,0 days 00:00:20.755000,303.0,238.0,279.0,302.0,hard,5.0
0 days 00:52:49.286000,20,0 days 00:01:25.722000,8,"","",0 days 00:00:19.015000,0 days 00:00:41.529000,0 days 00:00:25.178000,277.0,76.0,276.0,260.0,hard,6.0
0 days 00:53:57.089000,20,0 days 00:01:07.803000,9,"","",0 days 00:00:17.057000,0 days 00:00:30.024000,0 days 00:00:20.722000,304.0,236.0,276.0,302.0,hard,7.0
0 days 00:55:04.343000,20,0 days 00:01:07.254000,10,"","",0 days 00:00:16.957000,0 days 00:00:29.814000,0 days 00:00:20.483000,305.0,239.0,276.0,304.0,hard,8.0
0 days 00:56:42.583000,20,0 days 00:01:38.240000,11,"","",0 days 00:00:20.516000,0 days 00:00:46.359000,0 days 00:00:31.365000,211.0,86.0,276.0,178.0,hard,9.0
0 days 00:58:00.775000,20,0 days 00:01:18.192000,12,"",0 days 00:57:57.122000,0 days 00:00:17.231000,0 days 00:00:31.893000,0 days 00:00:29.068000,304.0,205.0,"",305.0,hard,10.0
0 days 00:59:57.021000,20,0 days 00:01:56.246000,13,0 days 00:58:29.027000,0 days 00:59:53.561000,0 days 00:00:49.262000,0 days 00:00:38.188000,0 days 00:00:28.796000,198.0,212.0,"",187.0,hard,11.0
0 days 01:15:32.517000,20,"",14,0 days 01:14:16.591000,"","",0 days 00:00:34.369000,0 days 00:00:22.882000,286.0,206.0,277.0,290.0,soft,1.0
0 days 01:16:38.893000,20,0 days 00:01:06.376000,15,"","",0 days 00:00:16.933000,0 days 00:00:29.215000,0 days 00:00:20.228000,304.0,240.0,278.0,304.0,soft,2.0
0 days 01:18:19.407000,20,0 days 00:01:40.514000,16,"","",0 days 00:00:22.358000,0 days 00:00:50.391000,0 days 00:00:27.765000,170.0,131.0,277.0,165.0,soft,3.0
0 days 01:19:25.446000,20,0 days 00:01:06.039000,17,"","",0 days 00:00:16.859000,0 days 00:00:29.086000,0 days 00:00:20.094000,304.0,241.0,279.0,305.0,soft,4.0
0 days 01:21:17.197000,20,0 days 00:01:51.751000,18,"","",0 days 00:00:21.084000,0 days 00:00:48.354000,0 days 00:00:42.313000,257.0,117.0,260.0,170.0,soft,5.0
0 days 01:22:31.665000,20,0 days 00:01:14.468000,19,"","",0 days 00:00:18.207000,0 days 00:00:34.247000,0 days 00:00:22.014000,278.0,215.0,279.0,272.0,soft,6.0
0 days 01:23:37.572000,20,0 days 00:01:05.907000,20,"","",0 days 00:00:16.787000,0 days 00:00:28.894000,0 days 00:00:20.226000,306.0,240.0,278.0,307.0,soft,7.0
0 days 01:25:05.615000,20,0 days 00:01:28.043000,21,"",0 days 01:25:02.118000,0 days 00:00:21.439000,0 days 00:00:37.830000,0 days 00:00:28.774000,199.0,211.0,"",199.0,soft,8.0
0 days 01:33:54.245000,20,"",22,0 days 01:32:37.898000,"","",0 days 00:00:32.658000,0 days 00:00:24.850000,270.0,217.0,265.0,278.0,soft,9.0
0 days 01:35:03.966000,20,0 days 00:01:09.721000,23,"","",0 days 00:00:17.766000,0 days 00:00:30.458000,0 days 00:00:21.497000,290.0,231.0,266.0,291.0,soft,10.0
0 days 01:36:13.601000,20,0 days 00:01:09.635000,24,"","",0 days 00:00:17.771000,0 days 00:00:30.498000,0 days 00:00:21.366000,"",231.0,267.0,291.0,soft,11.0
0 days 01:37:23.425000,20,0 days 00:01:09.824000,25,"","",0 days 00:00:17.702000,0 days 00:00:30.689000,0 days 00:00:21.433000,293.0,227.0,263.0,293.0,soft,12.0
0 days 01:39:17.623000,20,0 days 00:01:54.198000,26,"","",0 days 00:00:24.269000,0 days 00:00:57.781000,0 days 00:00:32.148000,139.0,105.0,238.0,124.0,soft,13.0
0 days 01:41:08.206000,20,0 days 00:01:50.583000,27,"",0 days 01:41:48.211000,0 days 00:00:24.801000,0 days 00:00:48.387000,0 days 00:00:37.395000,154.0,162.0,238.0,137.0,soft,14.0
0 days 00:13:32.055000,18,"",1,0 days 00:12:07.342000,0 days 00:13:28.526000,"",0 days 00:00:33.664000,0 days 00:00:31.354000,280.0,197.0,"",293.0,soft,1.0
0 days 00:37:04.180000,18,"",2,0 days 00:35:47.623000,"","",0 days 00:00:33.854000,0 days 00:00:23.798000,275.0,214.0,272.0,292.0,intermediate,1.0
0 days 00:38:26.131000,18,0 days 00:01:21.951000,3,"",0 days 00:38:22.665000,0 days 00:00:17.762000,0 days 00:00:33.693000,0 days 00:00:30.496000,294.0,203.0,"",300.0,intermediate,2.0
0 days 00:47:53.743000,18,"",4,0 days 00:46:30.922000,"","",0 days 00:00:38.485000,0 days 00:00:25.012000,271.0,166.0,279.0,274.0,soft,2.0
0 days 00:49:00.435000,18,0 days 00:01:06.692000,5,"","",0 days 00:00:16.754000,0 days 00:00:29.467000,0 days 00:00:20.471000,314.0,241.0,283.0,314.0,soft,3.0
0 days 00:50:32.862000,18,0 days 00:01:32.427000,6,"","",0 days 00:00:21.604000,0 days 00:00:44.929000,0 days 00:00:25.894000,238.0,129.0,280.0,187.0,soft,4.0
0 days 00:51:48.557000,18,0 days 00:01:15.695000,7,"","",0 days 00:00:16.639000,0 days 00:00:32.827000,0 days 00:00:26.229000,303.0,174.0,266.0,309.0,soft,5.0
0 days 00:53:14.331000,18,0 days 00:01:25.774000,8,"","",0 days 00:00:20.054000,0 days 00:00:36.039000,0 days 00:00:29.681000,268.0,197.0,278.0,194.0,soft,6.0
0 days 00:54:20.984000,18,0 days 00:01:06.653000,9,"","",0 days 00:00:16.732000,0 days 00:00:29.469000,0 days 00:00:20.452000,301.0,242.0,282.0,308.0,soft,7.0
0 days 00:55:55.274000,18,0 days 00:01:34.290000,10,"","",0 days 00:00:20.875000,0 days 00:00:41.511000,0 days 00:00:31.904000,204.0,147.0,261.0,216.0,soft,8.0
0 days 00:57:11.074000,18,0 days 00:01:15.800000,11,"","",0 days 00:00:18.056000,0 days 00:00:33.818000,0 days 00:00:23.926000,294.0,217.0,280.0,295.0,soft,9.0
0 days 00:58:17.264000,18,0 days 00:01:06.190000,12,"","",0 days 00:00:16.690000,0 days 00:00:29.306000,0 days 00:00:20.194000,302.0,241.0,286.0,309.0,soft,10.0
0 days 00:59:41.799000,18,0 days 00:01:24.535000,13,"","",0 days 00:00:19.445000,0 days 00:00:35.320000,0 days 00:00:29.770000,232.0,89.0,270.0,287.0,soft,11.0
0 days 01:00:54.962000,18,0 days 00:01:13.163000,14,"","",0 days 00:00:18.372000,0 days 00:00:32.413000,0 days 00:00:22.378000,293.0,225.0,284.0,299.0,soft,12.0
0 days 01:02:01.036000,18,0 days 00:01:06.074000,15,"","",0 days 00:00:16.588000,0 days 00:00:29.330000,0 days 00:00:20.156000,302.0,237.0,283.0,309.0,soft,13.0
0 days 01:03:23.337000,18,0 days 00:01:22.301000,16,"",0 days 01:03:19.971000,0 days 00:00:19.873000,0 days 00:00:33.594000,0 days 00:00:28.834000,247.0,216.0,"",252.0,soft,14.0
0 days 01:15:00.385000,18,"",17,0 days 01:13:45.549000,"","",0 days 00:00:31.985000,0 days 00:00:24.808000,291.0,229.0,283.0,297.0,hard,1.0
0 days 01:16:06.796000,18,0 days 00:01:06.411000,18,"","",0 days 00:00:16.712000,0 days 00:00:29.506000,0 days 00:00:20.193000,304.0,239.0,285.0,310.0,hard,2.0
0 days 01:17:30.320000,18,0 days 00:01:23.524000,19,"","",0 days 00:00:18.552000,0 days 00:00:36.308000,0 days 00:00:28.664000,260.0,202.0,283.0,281.0,hard,3.0
0 days 01:18:47.571000,18,0 days 00:01:17.251000,20,"","",0 days 00:00:17.100000,0 days 00:00:35.239000,0 days 00:00:24.912000,289.0,200.0,269.0,293.0,hard,4.0
0 days 01:20:05.690000,18,0 days 00:01:18.119000,21,"","",0 days 00:00:17.951000,0 days 00:00:35.707000,0 days 00:00:24.461000,296.0,208.0,283.0,242.0,hard,5.0
0 days 01:21:37.088000,18,0 days 00:01:31.398000,22,"",0 days 01:21:33.502000,0 days 00:00:16.729000,0 days 00:00:42.279000,0 days 00:00:32.390000,304.0,169.0,"",72.0,hard,6.0
0 days 01:28:58.407000,18,"",23,0 days 01:27:42.337000,"","",0 days 00:00:34.297000,0 days 00:00:22.885000,269.0,221.0,271.0,275.0,hard,7.0
0 days 01:30:08.108000,18,0 days 00:01:09.701000,24,"","",0 days 00:00:17.900000,0 days 00:00:30.689000,0 days 00:00:21.112000,279.0,234.0,272.0,288.0,hard,8.0
0 days 01:31:17.468000,18,0 days 00:01:09.360000,25,"","",0 days 00:00:17.366000,0 days 00:00:30.766000,0 days 00:00:21.228000,298.0,230.0,272.0,288.0,hard,9.0
0 days 01:32:26.352000,18,0 days 00:01:08.884000,26,"","",0 days 00:00:17.588000,0 days 00:00:30.419000,0 days 00:00:20.877000,291.0,234.0,273.0,293.0,hard,10.0
0 days 01:33:35.680000,18,0 days 00:01:09.328000,27,"","",0 days 00:00:17.453000,0 days 00:00:30.577000,0 days 00:00:21.298000,287.0,229.0,273.0,291.0,hard,11.0
0 days 01:34:44.275000,18,0 days 00:01:08.595000,28,"","",0 days 00:00:17.138000,0 days 00:00:30.387000,0 days 00:00:21.070000,313.0,232.0,273.0,313.0,hard,12.0
0 days 01:35:53.432000,18,0 days 00:01:09.157000,29,"","",0 days 00:00:17.471000,0 days 00:00:30.675000,0 days 00:00:21.011000,288.0,233.0,270.0,293.0,hard,13.0
0 days 01:37:02.402000,18,0 days 00:01:08.970000,30,"","",0 days 00:00:17.587000,0 days 00:00:30.563000,0 days 00:00:20.820000,285.0,233.0,271.0,293.0,hard,14.0
0 days 01:38:11.202000,18,0 days 00:01:08.800000,31,"","",0 days 00:00:17.574000,0 days 00:00:30.394000,0 days 00:00:20.832000,286.0,234.0,271.0,294.0,hard,15.0
0 days 01:39:20.077000,18,0 days 00:01:08.875000,32,"","",0 days 00:00:17.578000,0 days 00:00:30.471000,0 days 00:00:20.826000,"",232.0,272.0,292.0,hard,16.0
0 days 01:40:28.826000,18,0 days 00:01:08.749000,33,"","",0 days 00:00:17.523000,0 days 00:00:30.486000,0 days 00:00:20.740000,288.0,233.0,273.0,295.0,hard,17.0
0 days 01:41:48.211000,18,"",34,"",0 days 01:41:48.211000,0 days 00:00:19.955000,0 days 00:00:36.497000,0 days 00:00:20.740000,177.0,222.0,273.0,199.0,hard,18.0
0 days 00:12:25.586000,16,"",1,0 days 00:10:55.593000,0 days 00:12:21.976000,"",0 days 00:00:36.287000,0 days 00:00:33.833000,268.0,194.0,"",282.0,medium,1.0
0 days 00:34:21.177000,16,"",2,0 days 00:32:56.181000,"","",0 days 00:00:38.383000,0 days 00:00:27.418000,274.0,197.0,265.0,274.0,intermediate,1.0
0 days 00:35:54.155000,16,0 days 00:01:32.978000,3,"",0 days 00:35:50.721000,0 days 00:00:18.316000,0 days 00:00:37.318000,0 days 00:00:37.344000,298.0,191.0,"",221.0,intermediate,2.0
0 days 00:46:50.688000,16,"",4,0 days 00:45:29.206000,"","",0 days 00:00:38.252000,0 days 00:00:24.172000,273.0,213.0,270.0,198.0,medium,2.0
0 days 00:47:59.024000,16,0 days 00:01:08.336000,5,"","",0 days 00:00:17.403000,0 days 00:00:30.073000,0 days 00:00:20.860000,302.0,239.0,279.0,301.0,medium,3.0
0 days 00:49:20.966000,16,0 days 00:01:21.942000,6,"","",0 days 00:00:21.454000,0 days 00:00:36.994000,0 days 00:00:23.494000,204.0,216.0,276.0,235.0,medium,4.0
0 days 00:50:28.172000,16,0 days 00:01:07.206000,7,"","",0 days 00:00:16.908000,0 days 00:00:29.745000,0 days 00:00:20.553000,307.0,244.0,279.0,310.0,medium,5.0
0 days 00:51:45.919000,16,0 days 00:01:17.747000,8,"","",0 days 00:00:17.354000,0 days 00:00:35.398000,0 days 00:00:24.995000,304.0,203.0,276.0,281.0,medium,6.0
0 days 00:52:52.714000,16,0 days 00:01:06.795000,9,"","",0 days 00:00:17.033000,0 days 00:00:29.429000,0 days 00:00:20.333000,305.0,245.0,280.0,306.0,medium,7.0
0 days 00:53:59.268000,16,0 days 00:01:06.554000,10,"","",0 days 00:00:16.826000,0 days 00:00:29.413000,0 days 00:00:20.315000,309.0,246.0,282.0,309.0,medium,8.0
0 days 00:55:28.394000,16,0 days 00:01:29.126000,11,"",0 days 00:55:23.207000,0 days 00:00:17.875000,0 days 00:00:40.220000,0 days 00:00:31.031000,300.0,209.0,"",162.0,medium,9.0
0 days 00:57:33.240000,16,0 days 00:02:04.846000,12,0 days 00:55:58.912000,0 days 00:57:29.877000,0 days 00:00:50.560000,0 days 00:00:41.266000,0 days 00:00:33.020000,238.0,158.0,"",198.0,medium,10.0
0 days 01:10:04.027000,16,"",13,0 days 01:08:43.341000,"","",0 days 00:00:36.111000,0 days 00:00:25.614000,280.0,187.0,276.0,290.0,medium,1.0
0 days 01:11:10.147000,16,0 days 00:01:06.120000,14,"","",0 days 00:00:16.913000,0 days 00:00:29.111000,0 days 00:00:20.096000,301.0,248.0,278.0,302.0,medium,2.0
0 days 01:12:45.558000,16,0 days 00:01:35.411000,15,"","",0 days 00:00:19.091000,0 days 00:00:45.950000,0 days 00:00:30.370000,246.0,161.0,277.0,187.0,medium,3.0
0 days 01:13:52.407000,16,0 days 00:01:06.849000,16,"","",0 days 00:00:17.032000,0 days 00:00:29.389000,0 days 00:00:20.428000,301.0,244.0,277.0,301.0,medium,4.0
0 days 01:15:13.394000,16,0 days 00:01:20.987000,17,"","",0 days 00:00:19.091000,0 days 00:00:37.113000,0 days 00:00:24.783000,261.0,193.0,277.0,267.0,medium,5.0
0 days 01:16:19.709000,16,0 days 00:01:06.315000,18,"","",0 days 00:00:16.954000,0 days 00:00:29.237000,0 days 00:00:20.124000,302.0,246.0,279.0,303.0,medium,6.0
0 days 01:17:25.633000,16,0 days 00:01:05.924000,19,"","",0 days 00:00:16.694000,0 days 00:00:29.218000,0 days 00:00:20.012000,310.0,245.0,281.0,304.0,medium,7.0
0 days 01:18:43.203000,16,0 days 00:01:17.570000,20,"","",0 days 00:00:17.161000,0 days 00:00:34.815000,0 days 00:00:25.594000,303.0,200.0,278.0,266.0,medium,8.0
0 days 01:19:49.345000,16,0 days 00:01:06.142000,21,"","",0 days 00:00:16.819000,0 days 00:00:29.236000,0 days 00:00:20.087000,306.0,244.0,280.0,305.0,medium,9.0
0 days 01:21:21.526000,16,0 days 00:01:32.181000,22,"",0 days 01:21:18.168000,0 days 00:00:16.843000,0 days 00:00:40.801000,0 days 00:00:34.537000,301.0,145.0,"",198.0,medium,10.0
0 days 01:32:36.977000,16,"",23,0 days 01:31:15.400000,0 days 01:32:32.936000,"",0 days 00:00:34.673000,0 days 00:00:27.340000,226.0,220.0,"",282.0,medium,11.0
0 days 01:34:17.662000,16,0 days 00:01:40.685000,24,0 days 01:33:07.279000,"",0 days 00:00:48.024000,0 days 00:00:31.387000,0 days 00:00:21.274000,286.0,231.0,266.0,290.0,medium,12.0
0 days 01:35:27.610000,16,0 days 00:01:09.948000,25,"","",0 days 00:00:17.747000,0 days 00:00:30.957000,0 days 00:00:21.244000,285.0,232.0,266.0,284.0,medium,13.0
0 days 01:36:36.933000,16,0 days 00:01:09.323000,26,"","",0 days 00:00:17.671000,0 days 00:00:30.597000,0 days 00:00:21.055000,286.0,234.0,269.0,285.0,medium,14.0
0 days 01:37:45.586000,16,0 days 00:01:08.653000,27,"","",0 days 00:00:17.444000,0 days 00:00:30.296000,0 days 00:00:20.913000,290.0,234.0,269.0,291.0,medium,15.0
0 days 01:38:54.317000,16,0 days 00:01:08.731000,28,"","",0 days 00:00:17.521000,0 days 00:00:30.491000,0 days 00:00:20.719000,291.0,236.0,269.0,295.0,medium,16.0
0 days 01:40:04.743000,16,0 days 00:01:10.426000,29,"","",0 days 00:00:18.642000,0 days 00:00:30.762000,0 days 00:00:21.022000,289.0,234.0,268.0,293.0,medium,17.0
0 days 01:41:45.477000,16,0 days 00:01:40.734000,30,"","",0 days 00:00:17.636000,0 days 00:00:31.225000,0 days 00:00:51.873000,287.0,178.0,57.0,290.0,medium,18.0
0 days 00:14:10.233000,11,"",1,0 days 00:12:46.253000,0 days 00:14:06.650000,"",0 days 00:00:33.851000,0 days 00:00:32.060000,281.0,220.0,"",292.0,soft,1.0
0 days 00:36:31.524000,11,"",2,0 days 00:35:02.604000,"","",0 days 00:00:42.777000,0 days 00:00:27.491000,254.0,147.0,273.0,212.0,intermediate,1.0
0 days 00:37:50.647000,11,0 days 00:01:19.123000,3,"",0 days 00:37:46.667000,0 days 00:00:17.845000,0 days 00:00:31.480000,0 days 00:00:29.798000,287.0,229.0,"",290.0,intermediate,2.0
0 days 00:43:53.852000,11,"",4,0 days 00:42:34.460000,"","",0 days 00:00:37.104000,0 days 00:00:24.005000,270.0,172.0,278.0,258.0,soft,2.0
0 days 00:45:10.998000,11,0 days 00:01:17.146000,5,"",0 days 00:45:07.080000,0 days 00:00:17.204000,0 days 00:00:29.401000,0 days 00:00:30.541000,297.0,242.0,"",305.0,soft,3.0
0 days 00:55:38.661000,11,"",6,0 days 00:54:20.132000,"","",0 days 00:00:37.073000,0 days 00:00:23.419000,281.0,196.0,281.0,292.0,soft,4.0
0 days 00:56:45.013000,11,0 days 00:01:06.352000,7,"","",0 days 00:00:16.809000,0 days 00:00:29.277000,0 days 00:00:20.266000,311.0,244.0,283.0,310.0,soft,5.0
0 days 00:58:11.915000,11,0 days 00:01:26.902000,8,"","",0 days 00:00:19.265000,0 days 00:00:44.236000,0 days 00:00:23.401000,269.0,199.0,282.0,134.0,soft,6.0
0 days 00:59:30.414000,11,0 days 00:01:18.499000,9,"","",0 days 00:00:16.840000,0 days 00:00:37.991000,0 days 00:00:23.668000,301.0,213.0,283.0,224.0,soft,7.0
0 days 01:00:36.466000,11,0 days 00:01:06.052000,10,"","",0 days 00:00:16.709000,0 days 00:00:29.176000,0 days 00:00:20.167000,"",244.0,283.0,307.0,soft,8.0
0 days 01:02:03.376000,11,0 days 00:01:26.910000,11,"","",0 days 00:00:19.260000,0 days 00:00:43.632000,0 days 00:00:24.018000,267.0,211.0,284.0,186.0,soft,9.0
0 days 01:03:09.265000,11,0 days 00:01:05.889000,12,"","",0 days 00:00:16.688000,0 days 00:00:29.067000,0 days 00:00:20.134000,304.0,245.0,284.0,311.0,soft,10.0
0 days 01:04:29.039000,11,0 days 00:01:19.774000,13,"","",0 days 00:00:19.554000,0 days 00:00:36.631000,0 days 00:00:23.589000,283.0,186.0,283.0,265.0,soft,11.0
0 days 01:05:34.812000,11,0 days 00:01:05.773000,14,"","",0 days 00:00:16.731000,0 days 00:00:29.078000,0 days 00:00:19.964000,302.0,242.0,283.0,307.0,soft,12.0
0 days 01:06:59.140000,11,0 days 00:01:24.328000,15,"","",0 days 00:00:19.432000,0 days 00:00:38.754000,0 days 00:00:26.142000,268.0,218.0,282.0,241.0,soft,13.0
0 days 01:08:04.652000,11,0 days 00:01:05.512000,16,"","",0 days 00:00:16.629000,0 days 00:00:28.973000,0 days 00:00:19.910000,303.0,244.0,282.0,307.0,soft,14.0
0 days 01:09:26.625000,11,0 days 00:01:21.973000,17,"",0 days 01:09:23.187000,0 days 00:00:18.820000,0 days 00:00:34.135000,0 days 00:00:29.018000,282.0,188.0,"",259.0,soft,15.0
0 days 01:17:33.116000,11,"",18,0 days 01:16:18.076000,"","",0 days 00:00:32.712000,0 days 00:00:23.842000,280.0,234.0,285.0,299.0,hard,1.0
0 days 01:18:39.344000,11,0 days 00:01:06.228000,19,"","",0 days 00:00:16.639000,0 days 00:00:29.401000,0 days 00:00:20.188000,307.0,242.0,283.0,312.0,hard,2.0
0 days 01:19:56.009000,11,0 days 00:01:16.665000,20,"","",0 days 00:00:18.498000,0 days 00:00:35.159000,0 days 00:00:23.008000,270.0,200.0,283.0,239.0,hard,3.0
0 days 01:21:23.658000,11,0 days 00:01:27.649000,21,"",0 days 01:21:20.178000,0 days 00:00:16.570000,0 days 00:00:36.649000,0 days 00:00:34.430000,304.0,137.0,"",308.0,hard,4.0
0 days 01:29:08.928000,11,"",22,0 days 01:28:11.467000,"","",0 days 00:00:32.401000,0 days 00:00:23.037000,278.0,219.0,267.0,281.0,hard,5.0
0 days 01:30:18.273000,11,0 days 00:01:09.345000,23,"","",0 days 00:00:17.849000,0 days 00:00:30.527000,0 days 00:00:20.969000,280.0,233.0,272.0,287.0,hard,6.0
0 days 01:31:26.691000,11,0 days 00:01:08.418000,24,"","",0 days 00:00:17.323000,0 days 00:00:30.205000,0 days 00:00:20.890000,297.0,229.0,268.0,286.0,hard,7.0
0 days 01:32:35.187000,11,0 days 00:01:08.496000,25,"","",0 days 00:00:17.563000,0 days 00:00:30.131000,0 days 00:00:20.802000,285.0,231.0,274.0,292.0,hard,8.0
0 days 01:33:44.302000,11,0 days 00:01:09.115000,26,"","",0 days 00:00:17.381000,0 days 00:00:30.606000,0 days 00:00:21.128000,289.0,233.0,275.0,292.0,hard,9.0
0 days 01:34:53.479000,11,0 days 00:01:09.177000,27,"","",0 days 00:00:17.353000,0 days 00:00:30.705000,0 days 00:00:21.119000,301.0,234.0,279.0,312.0,hard,10.0
0 days 01:36:01.950000,11,0 days 00:01:08.471000,28,"","",0 days 00:00:17.082000,0 days 00:00:30.495000,0 days 00:00:20.894000,321.0,233.0,273.0,307.0,hard,11.0
0 days 01:37:12.295000,11,0 days 00:01:10.345000,29,"","",0 days 00:00:17.550000,0 days 00:00:31.209000,0 days 00:00:21.586000,289.0,195.0,271.0,294.0,hard,12.0
0 days 01:38:21.223000,11,0 days 00:01:08.928000,30,"","",0 days 00:00:17.463000,0 days 00:00:30.458000,0 days 00:00:21.007000,287.0,234.0,270.0,295.0,hard,13.0
0 days 01:39:29.885000,11,0 days 00:01:08.662000,31,"","",0 days 00:00:17.522000,0 days 00:00:30.272000,0 days 00:00:20.868000,288.0,234.0,271.0,294.0,hard,14.0
0 days 01:40:39.048000,11,0 days 00:01:09.163000,32,"","",0 days 00:00:17.473000,0 days 00:00:30.482000,0 days 00:00:21.208000,284.0,229.0,273.0,293.0,hard,15.0
0 days 01:41:48.211000,11,0 days 00:01:09.163000,33,"",0 days 01:41:48.211000,0 days 00:00:18.845000,"",0 days 00:00:21.208000,271.0,"",273.0,245.0,hard,16.0
0 days 00:14:08.513000,10,"",1,0 days 00:12:27.725000,0 days 00:14:05.029000,"",0 days 00:00:42.665000,0 days 00:00:37.707000,274.0,170.0,"",199.0,medium,1.0
0 days 00:39:41.846000,10,"",2,0 days 00:38:16.908000,"","",0 days 00:00:36.852000,0 days 00:00:27.692000,259.0,176.0,246.0,272.0,intermediate,1.0
0 days 00:41:09.305000,10,0 days 00:01:27.459000,3,"",0 days 00:41:05.865000,0 days 00:00:19.071000,0 days 00:00:36.412000,0 days 00:00:31.976000,273.0,183.0,"",293.0,intermediate,2.0
0 days 00:51:14.097000,10,"",4,0 days 00:49:52.431000,"","",0 days 00:00:35.168000,0 days 00:00:27.511000,281.0,193.0,274.0,273.0,medium,2.0
0 days 00:52:22.156000,10,0 days 00:01:08.059000,5,"","",0 days 00:00:17.253000,0 days 00:00:29.892000,0 days 00:00:20.914000,303.0,238.0,278.0,305.0,medium,3.0
0 days 00:53:47.965000,10,0 days 00:01:25.809000,6,"","",0 days 00:00:19.573000,0 days 00:00:39.025000,0 days 00:00:27.211000,244.0,202.0,277.0,274.0,medium,4.0
0 days 00:54:55.238000,10,0 days 00:01:07.273000,7,"","",0 days 00:00:17.099000,0 days 00:00:29.423000,0 days 00:00:20.751000,304.0,241.0,277.0,305.0,medium,5.0
0 days 00:56:29.819000,10,0 days 00:01:34.581000,8,"","",0 days 00:00:21.376000,0 days 00:00:45.439000,0 days 00:00:27.766000,184.0,171.0,278.0,253.0,medium,6.0
0 days 00:57:36.996000,10,0 days 00:01:07.177000,9,"","",0 days 00:00:17.035000,0 days 00:00:29.501000,0 days 00:00:20.641000,306.0,233.0,280.0,310.0,medium,7.0
0 days 00:59:07.045000,10,0 days 00:01:30.049000,10,"","",0 days 00:00:19.639000,0 days 00:00:45.913000,0 days 00:00:24.497000,262.0,182.0,278.0,206.0,medium,8.0
0 days 01:00:13.981000,10,0 days 00:01:06.936000,11,"","",0 days 00:00:17.087000,0 days 00:00:29.351000,0 days 00:00:20.498000,303.0,236.0,279.0,306.0,medium,9.0
0 days 01:01:45.986000,10,0 days 00:01:32.005000,12,"","",0 days 00:00:19.404000,0 days 00:00:47.918000,0 days 00:00:24.683000,230.0,184.0,278.0,126.0,medium,10.0
0 days 01:02:53.198000,10,0 days 00:01:07.212000,13,"","",0 days 00:00:17.025000,0 days 00:00:29.580000,0 days 00:00:20.607000,304.0,238.0,277.0,306.0,medium,11.0
0 days 01:04:10.779000,10,0 days 00:01:17.581000,14,"",0 days 01:04:07.368000,0 days 00:00:18.524000,0 days 00:00:32.691000,0 days 00:00:26.366000,260.0,220.0,"",266.0,medium,12.0
0 days 01:29:19.843000,10,"",15,0 days 01:27:46.935000,"","",0 days 00:00:39.967000,0 days 00:00:36.927000,282.0,173.0,182.0,288.0,medium,1.0
0 days 01:30:51.823000,10,0 days 00:01:31.980000,16,"","",0 days 00:00:22.122000,0 days 00:00:39.611000,0 days 00:00:30.247000,272.0,198.0,275.0,273.0,medium,2.0
0 days 01:31:59.077000,10,0 days 00:01:07.254000,17,"","",0 days 00:00:17.010000,0 days 00:00:29.460000,0 days 00:00:20.784000,306.0,238.0,279.0,308.0,medium,3.0
0 days 01:33:28.529000,10,0 days 00:01:29.452000,18,"","",0 days 00:00:21.379000,0 days 00:00:39.777000,0 days 00:00:28.296000,251.0,201.0,280.0,273.0,medium,4.0
0 days 01:34:35.161000,10,0 days 00:01:06.632000,19,"","",0 days 00:00:16.745000,0 days 00:00:29.423000,0 days 00:00:20.464000,309.0,237.0,282.0,311.0,medium,5.0
0 days 01:36:02.946000,10,0 days 00:01:27.785000,20,"","",0 days 00:00:21.853000,0 days 00:00:39.995000,0 days 00:00:25.937000,148.0,200.0,280.0,274.0,medium,6.0
0 days 01:37:09.350000,10,0 days 00:01:06.404000,21,"","",0 days 00:00:16.733000,0 days 00:00:29.251000,0 days 00:00:20.420000,308.0,238.0,281.0,311.0,medium,7.0
0 days 01:38:35.829000,10,0 days 00:01:26.479000,22,"",0 days 01:38:36.331000,0 days 00:00:19.388000,0 days 00:00:40.158000,0 days 00:00:26.933000,260.0,212.0,"",252.0,medium,8.0
0 days 01:40:12.020000,10,0 days 00:01:36.191000,23,0 days 01:38:52.517000,"",0 days 00:00:29.915000,0 days 00:00:35.811000,0 days 00:00:30.465000,269.0,162.0,242.0,279.0,medium,9.0
0 days 01:41:48.211000,10,0 days 00:01:36.191000,24,"",0 days 01:41:48.211000,0 days 00:00:21.602000,0 days 00:00:38.556000,0 days 00:00:30.465000,208.0,178.0,242.0,271.0,medium,10.0
0 days 00:12:15.811000,8,"",1,0 days 00:10:33.550000,0 days 00:12:09.899000,"",0 days 00:00:38.639000,0 days 00:00:40.716000,194.0,177.0,"",242.0,medium,1.0
0 days 00:35:26.254000,8,"",2,0 days 00:34:08.628000,"","",0 days 00:00:34.544000,0 days 00:00:24.189000,285.0,200.0,268.0,300.0,intermediate,1.0
0 days 00:37:02.260000,8,0 days 00:01:36.006000,3,"",0 days 00:36:58.721000,0 days 00:00:18.102000,0 days 00:00:42.228000,0 days 00:00:35.676000,302.0,168.0,"",202.0,intermediate,2.0
0 days 01:40:25.695000,8,"",4,0 days 01:39:15.509000,"","",0 days 00:00:31.092000,0 days 00:00:21.291000,297.0,227.0,277.0,299.0,medium,2.0
0 days 01:41:48.211000,8,"",5,"",0 days 01:41:48.211000,0 days 00:00:16.974000,0 days 00:00:37.645000,0 days 00:00:21.291000,306.0,167.0,277.0,208.0,medium,3.0
0 days 00:13:24.042000,7,"",1,0 days 00:11:49.820000,0 days 00:13:20.340000,"",0 days 00:00:38.564000,0 days 00:00:33.836000,255.0,205.0,"",289.0,hard,1.0
0 days 00:40:55.563000,7,"",2,0 days 00:39:35.565000,"","",0 days 00:00:34.819000,0 days 00:00:26.971000,286.0,195.0,270.0,293.0,intermediate,1.0
0 days 00:42:15.389000,7,0 days 00:01:19.826000,3,"",0 days 00:42:11.935000,0 days 00:00:17.824000,0 days 00:00:32.600000,0 days 00:00:29.402000,302.0,220.0,"",305.0,intermediate,2.0
0 days 00:48:01.165000,7,"",4,0 days 00:46:36.997000,"","",0 days 00:00:34.899000,0 days 00:00:29.378000,290.0,212.0,273.0,277.0,hard,2.0
0 days 00:49:11.104000,7,0 days 00:01:09.939000,5,"","",0 days 00:00:17.646000,0 days 00:00:30.803000,0 days 00:00:21.490000,310.0,236.0,279.0,311.0,hard,3.0
0 days 00:50:19.370000,7,0 days 00:01:08.266000,6,"","",0 days 00:00:17.087000,0 days 00:00:30.208000,0 days 00:00:20.971000,311.0,238.0,278.0,311.0,hard,4.0
0 days 00:51:27.327000,7,0 days 00:01:07.957000,7,"","",0 days 00:00:17.031000,0 days 00:00:30.101000,0 days 00:00:20.825000,310.0,237.0,280.0,309.0,hard,5.0
0 days 00:52:42.004000,7,0 days 00:01:14.677000,8,"","",0 days 00:00:16.937000,0 days 00:00:33.337000,0 days 00:00:24.403000,312.0,192.0,279.0,290.0,hard,6.0
0 days 00:53:49.365000,7,0 days 00:01:07.361000,9,"","",0 days 00:00:16.925000,0 days 00:00:29.826000,0 days 00:00:20.610000,311.0,237.0,282.0,312.0,hard,7.0
0 days 00:54:56.752000,7,0 days 00:01:07.387000,10,"","",0 days 00:00:16.901000,0 days 00:00:29.881000,0 days 00:00:20.605000,314.0,233.0,281.0,313.0,hard,8.0
0 days 00:56:19.622000,7,0 days 00:01:22.870000,11,"","",0 days 00:00:18.492000,0 days 00:00:39.642000,0 days 00:00:24.736000,249.0,195.0,277.0,209.0,hard,9.0
0 days 00:57:34.942000,7,0 days 00:01:15.320000,12,"","",0 days 00:00:19.854000,0 days 00:00:33.112000,0 days 00:00:22.354000,256.0,224.0,279.0,297.0,hard,10.0
0 days 00:58:50.800000,7,0 days 00:01:15.858000,13,"",0 days 00:58:47.427000,0 days 00:00:17.153000,0 days 00:00:31.246000,0 days 00:00:27.459000,310.0,226.0,"",312.0,hard,11.0
0 days 01:00:40.930000,7,0 days 00:01:50.130000,14,0 days 00:59:21.832000,0 days 01:00:37.638000,0 days 00:00:48.041000,0 days 00:00:34.034000,0 days 00:00:28.055000,289.0,213.0,"",280.0,hard,12.0
0 days 01:18:50.866000,7,"",15,0 days 01:17:29.068000,"","",0 days 00:00:39.897000,0 days 00:00:23.191000,263.0,211.0,281.0,294.0,medium,1.0
0 days 01:19:57.231000,7,0 days 00:01:06.365000,16,"","",0 days 00:00:16.788000,0 days 00:00:29.351000,0 days 00:00:20.226000,315.0,243.0,281.0,312.0,medium,2.0
0 days 01:21:36.954000,7,0 days 00:01:39.723000,17,"","",0 days 00:00:23.953000,0 days 00:00:51.268000,0 days 00:00:24.502000,131.0,183.0,279.0,110.0,medium,3.0
0 days 01:22:52.602000,7,0 days 00:01:15.648000,18,"","",0 days 00:00:18.847000,0 days 00:00:34.277000,0 days 00:00:22.524000,252.0,220.0,280.0,250.0,medium,4.0
0 days 01:23:59.237000,7,0 days 00:01:06.635000,19,"","",0 days 00:00:16.913000,0 days 00:00:29.360000,0 days 00:00:20.362000,310.0,232.0,279.0,310.0,medium,5.0
0 days 01:25:26.384000,7,0 days 00:01:27.147000,20,"",0 days 01:25:22.950000,0 days 00:00:21.880000,0 days 00:00:35.518000,0 days 00:00:29.749000,213.0,201.0,"",258.0,medium,6.0
0 days 01:33:58.439000,7,"",21,0 days 01:32:40.826000,"","",0 days 00:00:35.714000,0 days 00:00:24.185000,298.0,218.0,278.0,301.0,medium,7.0
0 days 01:35:16.352000,7,0 days 00:01:17.913000,22,"","",0 days 00:00:16.958000,0 days 00:00:35.854000,0 days 00:00:25.101000,311.0,210.0,280.0,312.0,medium,8.0
0 days 01:36:23.247000,7,0 days 00:01:06.895000,23,"","",0 days 00:00:16.857000,0 days 00:00:29.572000,0 days 00:00:20.466000,310.0,234.0,282.0,312.0,medium,9.0
0 days 01:37:39.381000,7,0 days 00:01:16.134000,24,"","",0 days 00:00:19.931000,0 days 00:00:32.944000,0 days 00:00:23.259000,253.0,222.0,280.0,279.0,medium,10.0
0 days 01:38:46.129000,7,0 days 00:01:06.748000,25,"","",0 days 00:00:16.833000,0 days 00:00:29.379000,0 days 00:00:20.536000,310.0,233.0,281.0,313.0,medium,11.0
0 days 01:40:17.170000,7,0 days 00:01:31.041000,26,"","",0 days 00:00:21.425000,0 days 00:00:39.664000,0 days 00:00:29.952000,228.0,210.0,268.0,153.0,medium,12.0
0 days 01:41:48.211000,7,0 days 00:01:31.041000,27,"",0 days 01:41:48.211000,0 days 00:00:19.850000,0 days 00:00:35.068000,0 days 00:00:29.952000,277.0,191.0,268.0,277.0,medium,13.0
0 days 00:13:29.414000,6,"",1,0 days 00:12:04.286000,0 days 00:13:26.030000,"",0 days 00:00:34.353000,0 days 00:00:29.643000,263.0,216.0,"",273.0,soft,1.0
0 days 00:36:38.140000,6,"",2,0 days 00:35:12.435000,"","",0 days 00:00:37.894000,0 days 00:00:26.531000,280.0,201.0,258.0,263.0,intermediate,1.0
0 days 00:38:04.375000,6,0 days 00:01:26.235000,3,"",0 days 00:38:01.027000,0 days 00:00:19.697000,0 days 00:00:35.542000,0 days 00:00:30.996000,282.0,192.0,"",288.0,intermediate,2.0
0 days 00:50:56.634000,6,"",4,0 days 00:49:31.403000,"","",0 days 00:00:37.374000,0 days 00:00:24.727000,258.0,209.0,274.0,298.0,soft,2.0
0 days 00:52:05.678000,6,0 days 00:01:09.044000,5,"","",0 days 00:00:17.260000,0 days 00:00:30.534000,0 days 00:00:21.250000,299.0,239.0,277.0,306.0,soft,3.0
0 days 00:53:26.210000,6,0 days 00:01:20.532000,6,"","",0 days 00:00:19.275000,0 days 00:00:37.094000,0 days 00:00:24.163000,265.0,195.0,277.0,265.0,soft,4.0
0 days 00:54:34.698000,6,0 days 00:01:08.488000,7,"","",0 days 00:00:17.036000,0 days 00:00:30.486000,0 days 00:00:20.966000,298.0,239.0,277.0,304.0,soft,5.0
0 days 00:56:10.721000,6,0 days 00:01:36.023000,8,"","",0 days 00:00:19.715000,0 days 00:00:41.515000,0 days 00:00:34.793000,244.0,147.0,278.0,252.0,soft,6.0
0 days 00:57:18.717000,6,0 days 00:01:07.996000,9,"","",0 days 00:00:17.050000,0 days 00:00:30.260000,0 days 00:00:20.686000,299.0,241.0,282.0,306.0,soft,7.0
0 days 00:58:49.068000,6,0 days 00:01:30.351000,10,"","",0 days 00:00:19.814000,0 days 00:00:41.265000,0 days 00:00:29.272000,261.0,200.0,273.0,266.0,soft,8.0
0 days 00:59:56.397000,6,0 days 00:01:07.329000,11,"","",0 days 00:00:17.126000,0 days 00:00:29.730000,0 days 00:00:20.473000,309.0,242.0,278.0,308.0,soft,9.0
0 days 01:01:19.302000,6,0 days 00:01:22.905000,12,"","",0 days 00:00:19.470000,0 days 00:00:38.195000,0 days 00:00:25.240000,260.0,192.0,279.0,264.0,soft,10.0
0 days 01:02:26.208000,6,0 days 00:01:06.906000,13,"","",0 days 00:00:16.912000,0 days 00:00:29.543000,0 days 00:00:20.451000,306.0,241.0,277.0,308.0,soft,11.0
0 days 01:03:58.751000,6,0 days 00:01:32.543000,14,"",0 days 01:03:55.489000,0 days 00:00:21.027000,0 days 00:00:42.839000,0 days 00:00:28.677000,238.0,114.0,"",179.0,soft,12.0
0 days 01:05:56.320000,6,0 days 00:01:57.569000,15,0 days 01:04:21.239000,0 days 01:05:53.018000,0 days 00:00:41.661000,0 days 00:00:45.623000,0 days 00:00:30.285000,303.0,152.0,"",179.0,soft,13.0
0 days 01:24:11.474000,6,"",16,0 days 01:22:51.306000,"","",0 days 00:00:34.565000,0 days 00:00:23.360000,285.0,222.0,268.0,285.0,medium,1.0
0 days 01:25:19.597000,6,0 days 00:01:08.123000,17,"","",0 days 00:00:17.447000,0 days 00:00:30.028000,0 days 00:00:20.648000,299.0,239.0,278.0,302.0,medium,2.0
0 days 01:26:48.780000,6,0 days 00:01:29.183000,18,"","",0 days 00:00:20.429000,0 days 00:00:41.186000,0 days 00:00:27.568000,259.0,210.0,279.0,193.0,medium,3.0
0 days 01:27:56.254000,6,0 days 00:01:07.474000,19,"","",0 days 00:00:16.932000,0 days 00:00:30.035000,0 days 00:00:20.507000,300.0,241.0,283.0,304.0,medium,4.0
0 days 01:29:28.359000,6,0 days 00:01:32.105000,20,"","",0 days 00:00:20.776000,0 days 00:00:41.884000,0 days 00:00:29.445000,263.0,192.0,277.0,249.0,medium,5.0
0 days 01:30:35.629000,6,0 days 00:01:07.270000,21,"","",0 days 00:00:16.973000,0 days 00:00:29.864000,0 days 00:00:20.433000,301.0,240.0,281.0,306.0,medium,6.0
0 days 01:32:01.712000,6,0 days 00:01:26.083000,22,"","",0 days 00:00:19.571000,0 days 00:00:40.361000,0 days 00:00:26.151000,253.0,132.0,280.0,245.0,medium,7.0
0 days 01:33:08.676000,6,0 days 00:01:06.964000,23,"","",0 days 00:00:16.777000,0 days 00:00:29.714000,0 days 00:00:20.473000,303.0,240.0,280.0,305.0,medium,8.0
0 days 01:34:18.443000,6,0 days 00:01:09.767000,24,"","",0 days 00:00:17.516000,0 days 00:00:30.927000,0 days 00:00:21.324000,281.0,228.0,268.0,287.0,medium,9.0
0 days 01:35:31.768000,6,0 days 00:01:13.325000,25,"","",0 days 00:00:17.785000,0 days 00:00:34.058000,0 days 00:00:21.482000,"",231.0,271.0,287.0,medium,10.0
0 days 01:36:40.741000,6,0 days 00:01:08.973000,26,"","",0 days 00:00:17.522000,0 days 00:00:30.411000,0 days 00:00:21.040000,299.0,230.0,264.0,286.0,medium,11.0
0 days 01:37:50.126000,6,0 days 00:01:09.385000,27,"","",0 days 00:00:17.831000,0 days 00:00:30.524000,0 days 00:00:21.030000,275.0,229.0,273.0,281.0,medium,12.0
0 days 01:38:59.901000,6,0 days 00:01:09.775000,28,"","",0 days 00:00:17.428000,0 days 00:00:31.125000,0 days 00:00:21.222000,281.0,222.0,271.0,287.0,medium,13.0
0 days 01:40:13.744000,6,0 days 00:01:13.843000,29,"","",0 days 00:00:17.634000,0 days 00:00:31.428000,0 days 00:00:24.781000,280.0,209.0,262.0,289.0,medium,14.0
0 days 01:41:48.211000,6,"",30,"",0 days 01:41:48.211000,0 days 00:00:20.993000,0 days 00:00:34.394000,0 days 00:00:24.781000,263.0,203.0,262.0,264.0,medium,15.0
0 days 00:12:19.315000,5,"",1,0 days 00:10:48.231000,0 days 00:12:15.871000,"",0 days 00:00:37.785000,0 days 00:00:32.472000,253.0,196.0,"",255.0,medium,1.0
0 days 00:33:57.090000,5,"",2,0 days 00:32:28.420000,"","",0 days 00:00:40.001000,0 days 00:00:28.404000,242.0,173.0,251.0,199.0,intermediate,1.0
0 days 00:35:24.880000,5,0 days 00:01:27.790000,3,"",0 days 00:35:21.471000,0 days 00:00:19.506000,0 days 00:00:37.064000,0 days 00:00:31.220000,247.0,173.0,"",243.0,intermediate,2.0
0 days 00:47:42.429000,5,"",4,0 days 00:46:23.983000,"","",0 days 00:00:36.341000,0 days 00:00:22.496000,276.0,219.0,275.0,198.0,medium,2.0
0 days 00:48:50.257000,5,0 days 00:01:07.828000,5,"","",0 days 00:00:17.160000,0 days 00:00:29.958000,0 days 00:00:20.710000,302.0,239.0,278.0,301.0,medium,3.0
0 days 00:49:57.620000,5,0 days 00:01:07.363000,6,"","",0 days 00:00:16.921000,0 days 00:00:29.935000,0 days 00:00:20.507000,"",241.0,278.0,301.0,medium,4.0
0 days 00:51:22.538000,5,0 days 00:01:24.918000,7,"","",0 days 00:00:20.233000,0 days 00:00:40.861000,0 days 00:00:23.824000,232.0,170.0,278.0,209.0,medium,5.0
0 days 00:52:28.881000,5,0 days 00:01:06.343000,8,"","",0 days 00:00:16.845000,0 days 00:00:29.412000,0 days 00:00:20.086000,304.0,241.0,280.0,305.0,medium,6.0
0 days 00:54:02.460000,5,0 days 00:01:33.579000,9,"","",0 days 00:00:22.608000,0 days 00:00:42.940000,0 days 00:00:28.031000,211.0,201.0,279.0,115.0,medium,7.0
0 days 00:55:19.076000,5,0 days 00:01:16.616000,10,"","",0 days 00:00:17.923000,0 days 00:00:32.451000,0 days 00:00:26.242000,289.0,220.0,280.0,279.0,medium,8.0
0 days 00:56:25.606000,5,0 days 00:01:06.530000,11,"","",0 days 00:00:16.698000,0 days 00:00:29.613000,0 days 00:00:20.219000,311.0,243.0,280.0,305.0,medium,9.0
0 days 00:57:57.920000,5,0 days 00:01:32.314000,12,"",0 days 00:57:53.462000,0 days 00:00:17.799000,0 days 00:00:39.507000,0 days 00:00:35.008000,238.0,158.0,"",198.0,medium,10.0
0 days 01:00:14.894000,5,0 days 00:02:16.974000,13,0 days 00:58:45.189000,0 days 01:00:11.499000,0 days 00:01:07.326000,0 days 00:00:37.454000,0 days 00:00:32.194000,210.0,208.0,"",198.0,medium,11.0
0 days 01:09:29.317000,5,"",14,0 days 01:08:13.809000,"","",0 days 00:00:33.985000,0 days 00:00:22.733000,277.0,204.0,280.0,288.0,medium,1.0
0 days 01:10:35.461000,5,0 days 00:01:06.144000,15,"","",0 days 00:00:16.867000,0 days 00:00:29.273000,0 days 00:00:20.004000,302.0,244.0,279.0,303.0,medium,2.0
0 days 01:11:59.403000,5,0 days 00:01:23.942000,16,"","",0 days 00:00:20.967000,0 days 00:00:37.818000,0 days 00:00:25.157000,207.0,184.0,276.0,217.0,medium,3.0
0 days 01:13:13.615000,5,0 days 00:01:14.212000,17,"","",0 days 00:00:17.045000,0 days 00:00:34.331000,0 days 00:00:22.836000,301.0,212.0,278.0,228.0,medium,4.0
0 days 01:14:19.741000,5,0 days 00:01:06.126000,18,"","",0 days 00:00:16.846000,0 days 00:00:29.223000,0 days 00:00:20.057000,303.0,244.0,278.0,302.0,medium,5.0
0 days 01:15:44.751000,5,0 days 00:01:25.010000,19,"","",0 days 00:00:19.245000,0 days 00:00:38.642000,0 days 00:00:27.123000,227.0,178.0,277.0,241.0,medium,6.0
0 days 01:16:50.828000,5,0 days 00:01:06.077000,20,"","",0 days 00:00:16.897000,0 days 00:00:29.154000,0 days 00:00:20.026000,303.0,242.0,280.0,304.0,medium,7.0
0 days 01:18:12.319000,5,0 days 00:01:21.491000,21,"","",0 days 00:00:19.483000,0 days 00:00:37.541000,0 days 00:00:24.467000,211.0,186.0,278.0,249.0,medium,8.0
0 days 01:19:18.424000,5,0 days 00:01:06.105000,22,"","",0 days 00:00:16.955000,0 days 00:00:29.225000,0 days 00:00:19.925000,300.0,244.0,280.0,301.0,medium,9.0
0 days 01:20:44.095000,5,0 days 00:01:25.671000,23,"",0 days 01:20:40.680000,0 days 00:00:18.183000,0 days 00:00:35.244000,0 days 00:00:32.244000,243.0,200.0,"",198.0,medium,10.0
0 days 01:32:18.555000,5,"",24,0 days 01:30:59.628000,0 days 01:32:13.873000,"",0 days 00:00:32.540000,0 days 00:00:28.133000,279.0,221.0,"",284.0,medium,11.0
0 days 01:33:59.203000,5,0 days 00:01:40.648000,25,0 days 01:32:48.849000,"",0 days 00:00:47.869000,0 days 00:00:31.214000,0 days 00:00:21.565000,283.0,230.0,273.0,285.0,medium,12.0
0 days 01:35:08.649000,5,0 days 00:01:09.446000,26,"","",0 days 00:00:17.548000,0 days 00:00:30.657000,0 days 00:00:21.241000,297.0,233.0,268.0,293.0,medium,13.0
0 days 01:36:21.183000,5,0 days 00:01:12.534000,27,"","",0 days 00:00:17.621000,0 days 00:00:33.306000,0 days 00:00:21.607000,289.0,220.0,269.0,285.0,medium,14.0
0 days 01:37:30.455000,5,0 days 00:01:09.272000,28,"","",0 days 00:00:17.515000,0 days 00:00:30.625000,0 days 00:00:21.132000,291.0,234.0,268.0,293.0,medium,15.0
0 days 01:38:40.034000,5,0 days 00:01:09.579000,29,"","",0 days 00:00:17.671000,0 days 00:00:30.788000,0 days 00:00:21.120000,287.0,233.0,268.0,287.0,medium,16.0
0 days 01:39:49.140000,5,0 days 00:01:09.106000,30,"","",0 days 00:00:17.591000,0 days 00:00:30.550000,0 days 00:00:20.965000,290.0,232.0,268.0,290.0,medium,17.0
0 days 01:40:00.972000,5,0 days 00:01:47.239000,31,"","",0 days 00:00:17.580000,0 days 00:00:40.417000,0 days 00:00:49.242000,293.0,119.0,57.0,171.0,medium,18.0
0 days 01:41:48.211000,5,0 days 00:01:47.239000,32,"",0 days 01:41:48.211000,"","",0 days 00:00:49.242000,"","",57.0,"",medium,19.0
0 days 00:11:35.072000,4,"",1,0 days 00:10:06.277000,0 days 00:11:30.228000,"",0 days 00:00:37.030000,0 days 00:00:30.151000,248.0,209.0,"",265.0,hard,1.0
0 days 00:22:59.763000,4,"",2,0 days 00:21:40.059000,"","",0 days 00:00:35.677000,0 days 00:00:23.935000,270.0,219.0,265.0,279.0,hard,1.0
0 days 00:24:10.014000,4,0 days 00:01:10.251000,3,"","",0 days 00:00:17.991000,0 days 00:00:30.952000,0 days 00:00:21.308000,290.0,236.0,276.0,301.0,hard,2.0
0 days 00:25:18.220000,4,0 days 00:01:08.206000,4,"","",0 days 00:00:17.096000,0 days 00:00:30.201000,0 days 00:00:20.909000,301.0,241.0,279.0,304.0,hard,3.0
0 days 00:26:26.733000,4,0 days 00:01:08.513000,5,"","",0 days 00:00:17.055000,0 days 00:00:30.179000,0 days 00:00:21.279000,298.0,237.0,276.0,305.0,hard,4.0
0 days 00:27:43.624000,4,0 days 00:01:16.891000,6,"","",0 days 00:00:19.998000,0 days 00:00:34.691000,0 days 00:00:22.202000,276.0,223.0,277.0,282.0,hard,5.0
0 days 00:29:11.518000,4,0 days 00:01:27.894000,7,"",0 days 00:29:06.766000,0 days 00:00:18.680000,0 days 00:00:34.017000,0 days 00:00:35.197000,240.0,210.0,"",272.0,hard,6.0
0 days 00:39:40.651000,4,"",8,0 days 00:38:11.518000,"","",0 days 00:00:40.138000,0 days 00:00:27.856000,227.0,167.0,248.0,225.0,intermediate,1.0
0 days 00:41:12.458000,4,0 days 00:01:31.807000,9,"",0 days 00:41:09.024000,0 days 00:00:20.186000,0 days 00:00:39.781000,0 days 00:00:31.840000,226.0,180.0,"",234.0,intermediate,2.0
0 days 00:47:33.504000,4,"",10,0 days 00:46:17.217000,"","",0 days 00:00:34.227000,0 days 00:00:23.440000,276.0,211.0,276.0,280.0,hard,8.0
0 days 00:48:41.341000,4,0 days 00:01:07.837000,11,"","",0 days 00:00:17.302000,0 days 00:00:29.947000,0 days 00:00:20.588000,301.0,237.0,279.0,304.0,hard,9.0
0 days 00:50:03.891000,4,0 days 00:01:22.550000,12,"","",0 days 00:00:18.571000,0 days 00:00:39.592000,0 days 00:00:24.387000,277.0,195.0,278.0,216.0,hard,10.0
0 days 00:51:10.789000,4,0 days 00:01:06.898000,13,"","",0 days 00:00:16.941000,0 days 00:00:29.659000,0 days 00:00:20.298000,308.0,241.0,280.0,308.0,hard,11.0
0 days 00:52:38.135000,4,0 days 00:01:27.346000,14,"","",0 days 00:00:22.175000,0 days 00:00:41.055000,0 days 00:00:24.116000,234.0,198.0,278.0,149.0,hard,12.0
0 days 00:53:44.785000,4,0 days 00:01:06.650000,15,"","",0 days 00:00:16.973000,0 days 00:00:29.481000,0 days 00:00:20.196000,307.0,245.0,281.0,309.0,hard,13.0
0 days 00:55:13.785000,4,0 days 00:01:29,16,"","",0 days 00:00:22.631000,0 days 00:00:42.626000,0 days 00:00:23.743000,206.0,199.0,279.0,142.0,hard,14.0
0 days 00:56:33.511000,4,0 days 00:01:19.726000,17,"","",0 days 00:00:16.911000,0 days 00:00:37.467000,0 days 00:00:25.348000,308.0,203.0,279.0,174.0,hard,15.0
0 days 00:57:39.922000,4,0 days 00:01:06.411000,18,"","",0 days 00:00:16.836000,0 days 00:00:29.458000,0 days 00:00:20.117000,312.0,241.0,284.0,314.0,hard,16.0
0 days 00:59:00.617000,4,0 days 00:01:20.695000,19,"",0 days 00:58:56.590000,0 days 00:00:19.045000,0 days 00:00:34.959000,0 days 00:00:26.691000,268.0,214.0,"",172.0,hard,17.0
0 days 01:07:27.835000,4,"",20,0 days 01:06:11.558000,"","",0 days 00:00:34.597000,0 days 00:00:23.274000,277.0,210.0,279.0,255.0,soft,1.0
0 days 01:08:33.456000,4,0 days 00:01:05.621000,21,"","",0 days 00:00:16.762000,0 days 00:00:28.858000,0 days 00:00:20.001000,306.0,247.0,280.0,309.0,soft,2.0
0 days 01:10:11.587000,4,0 days 00:01:38.131000,22,"","",0 days 00:00:23.123000,0 days 00:00:46.498000,0 days 00:00:28.510000,173.0,165.0,280.0,140.0,soft,3.0
0 days 01:11:17.226000,4,0 days 00:01:05.639000,23,"","",0 days 00:00:16.635000,0 days 00:00:29.058000,0 days 00:00:19.946000,310.0,245.0,280.0,310.0,soft,4.0
0 days 01:12:54.240000,4,0 days 00:01:37.014000,24,"",0 days 01:12:50.877000,0 days 00:00:22.247000,0 days 00:00:45.018000,0 days 00:00:29.749000,161.0,156.0,"",172.0,soft,5.0
0 days 01:14:33.669000,4,0 days 00:01:39.429000,25,0 days 01:13:13.053000,"",0 days 00:00:37.380000,0 days 00:00:35.881000,0 days 00:00:26.168000,281.0,215.0,281.0,279.0,soft,6.0
0 days 01:15:47.820000,4,0 days 00:01:14.151000,26,"",0 days 01:15:44.412000,0 days 00:00:16.686000,0 days 00:00:29.020000,0 days 00:00:28.445000,309.0,242.0,"",309.0,soft,7.0
0 days 01:17:21.422000,4,0 days 00:01:33.602000,27,0 days 01:16:07.526000,"",0 days 00:00:37.823000,0 days 00:00:33.024000,0 days 00:00:22.755000,259.0,222.0,280.0,283.0,soft,8.0
0 days 01:18:27.630000,4,0 days 00:01:06.208000,28,"","",0 days 00:00:16.777000,0 days 00:00:29.036000,0 days 00:00:20.395000,308.0,245.0,275.0,309.0,soft,9.0
0 days 01:19:45.163000,4,0 days 00:01:17.533000,29,"",0 days 01:19:41.790000,0 days 00:00:17.798000,0 days 00:00:33.051000,0 days 00:00:26.684000,277.0,222.0,"",233.0,soft,10.0
0 days 01:29:06.772000,4,"",30,0 days 01:28:01.734000,"","",0 days 00:00:32.200000,0 days 00:00:22.208000,285.0,232.0,267.0,257.0,soft,11.0
0 days 01:30:16.451000,4,0 days 00:01:09.679000,31,"","",0 days 00:00:17.661000,0 days 00:00:30.635000,0 days 00:00:21.383000,288.0,233.0,267.0,291.0,soft,12.0
0 days 01:31:25.692000,4,0 days 00:01:09.241000,32,"","",0 days 00:00:17.692000,0 days 00:00:30.386000,0 days 00:00:21.163000,286.0,235.0,267.0,290.0,soft,13.0
0 days 01:32:34.779000,4,0 days 00:01:09.087000,33,"","",0 days 00:00:17.559000,0 days 00:00:30.351000,0 days 00:00:21.177000,285.0,233.0,268.0,290.0,soft,14.0
0 days 01:33:44.170000,4,0 days 00:01:09.391000,34,"","",0 days 00:00:17.328000,0 days 00:00:30.693000,0 days 00:00:21.370000,301.0,234.0,269.0,307.0,soft,15.0
0 days 01:34:53.609000,4,0 days 00:01:09.439000,35,"","",0 days 00:00:17.619000,0 days 00:00:30.613000,0 days 00:00:21.207000,283.0,227.0,268.0,287.0,soft,16.0
0 days 01:36:03.007000,4,0 days 00:01:09.398000,36,"","",0 days 00:00:17.606000,0 days 00:00:30.488000,0 days 00:00:21.304000,284.0,233.0,273.0,287.0,soft,17.0
0 days 01:37:12.301000,4,0 days 00:01:09.294000,37,"","",0 days 00:00:17.474000,0 days 00:00:30.649000,0 days 00:00:21.171000,296.0,227.0,271.0,297.0,soft,18.0
0 days 01:38:21.242000,4,0 days 00:01:08.941000,38,"","",0 days 00:00:17.482000,0 days 00:00:30.442000,0 days 00:00:21.017000,291.0,230.0,271.0,293.0,soft,19.0
0 days 01:39:30.011000,4,0 days 00:01:08.769000,39,"","",0 days 00:00:17.531000,0 days 00:00:30.325000,0 days 00:00:20.913000,"",230.0,270.0,295.0,soft,20.0
0 days 01:40:39.111000,4,0 days 00:01:09.100000,40,"","",0 days 00:00:17.545000,0 days 00:00:30.566000,0 days 00:00:20.989000,290.0,232.0,270.0,294.0,soft,21.0
0 days 01:41:48.211000,4,0 days 00:01:09.100000,41,"",0 days 01:41:48.211000,0 days 00:00:21.371000,"",0 days 00:00:20.989000,193.0,"",270.0,161.0,soft,22.0
0 days 00:23:47.112000,77,"",1,0 days 00:22:31.771000,"","",0 days 00:00:33.639000,0 days 00:00:22.548000,264.0,227.0,276.0,284.0,hard,1.0
0 days 00:24:56.061000,77,0 days 00:01:08.949000,2,"","",0 days 00:00:17.355000,0 days 00:00:30.424000,0 days 00:00:21.170000,292.0,236.0,278.0,300.0,hard,2.0
0 days 00:26:03.639000,77,0 days 00:01:07.578000,3,"","",0 days 00:00:17.123000,0 days 00:00:29.671000,0 days 00:00:20.784000,297.0,243.0,280.0,304.0,hard,3.0
0 days 00:27:23.857000,77,0 days 00:01:20.218000,4,"",0 days 00:27:20.488000,0 days 00:00:16.998000,0 days 00:00:33.087000,0 days 00:00:30.133000,300.0,194.0,"",306.0,hard,4.0
0 days 00:34:46.251000,77,"",5,0 days 00:33:19.400000,0 days 00:34:42.785000,"",0 days 00:00:38.631000,0 days 00:00:29.076000,262.0,173.0,"",258.0,intermediate,1.0
0 days 00:36:40.753000,77,0 days 00:01:54.502000,6,0 days 00:35:15.221000,0 days 00:36:37.287000,0 days 00:00:48.130000,0 days 00:00:36.335000,0 days 00:00:30.037000,257.0,208.0,"",273.0,intermediate,2.0
0 days 00:50:36.678000,77,"",7,0 days 00:49:12.906000,"","",0 days 00:00:36.305000,0 days 00:00:28.753000,224.0,107.0,275.0,290.0,hard,5.0
0 days 00:51:49.665000,77,0 days 00:01:12.987000,8,"","",0 days 00:00:19.906000,0 days 00:00:31.668000,0 days 00:00:21.413000,266.0,236.0,283.0,297.0,hard,6.0
0 days 00:52:56.838000,77,0 days 00:01:07.173000,9,"","",0 days 00:00:17.134000,0 days 00:00:29.617000,0 days 00:00:20.422000,312.0,244.0,281.0,311.0,hard,7.0
0 days 00:54:03.743000,77,0 days 00:01:06.905000,10,"","",0 days 00:00:16.892000,0 days 00:00:29.497000,0 days 00:00:20.516000,302.0,239.0,284.0,306.0,hard,8.0
0 days 00:55:25.151000,77,0 days 00:01:21.408000,11,"","",0 days 00:00:18.257000,0 days 00:00:36.558000,0 days 00:00:26.593000,276.0,214.0,283.0,250.0,hard,9.0
0 days 00:56:36.841000,77,0 days 00:01:11.690000,12,"","",0 days 00:00:16.677000,0 days 00:00:32.374000,0 days 00:00:22.639000,312.0,225.0,282.0,312.0,hard,10.0
0 days 00:57:58.978000,77,0 days 00:01:22.137000,13,"",0 days 00:57:54.128000,0 days 00:00:16.731000,0 days 00:00:31.860000,0 days 00:00:33.546000,314.0,215.0,"",314.0,hard,11.0
0 days 01:04:44.068000,77,"",14,0 days 01:03:24.992000,"","",0 days 00:00:36.743000,0 days 00:00:24,294.0,196.0,283.0,287.0,soft,1.0
0 days 01:05:49.554000,77,0 days 00:01:05.486000,15,"","",0 days 00:00:16.529000,0 days 00:00:28.880000,0 days 00:00:20.077000,312.0,246.0,283.0,315.0,soft,2.0
0 days 01:07:10.451000,77,0 days 00:01:20.897000,16,"","",0 days 00:00:19.167000,0 days 00:00:37.212000,0 days 00:00:24.518000,271.0,177.0,284.0,268.0,soft,3.0
0 days 01:08:15.623000,77,0 days 00:01:05.172000,17,"","",0 days 00:00:16.597000,0 days 00:00:28.785000,0 days 00:00:19.790000,311.0,245.0,281.0,314.0,soft,4.0
0 days 01:09:40.474000,77,0 days 00:01:24.851000,18,"",0 days 01:09:37.093000,0 days 00:00:20.558000,0 days 00:00:34.914000,0 days 00:00:29.379000,263.0,209.0,"",278.0,soft,5.0
0 days 01:11:34.113000,77,0 days 00:01:53.639000,19,0 days 01:10:08.945000,"",0 days 00:00:49.463000,0 days 00:00:40.079000,0 days 00:00:24.097000,274.0,179.0,282.0,210.0,soft,6.0
0 days 01:12:41.908000,77,0 days 00:01:07.795000,20,"","",0 days 00:00:16.590000,0 days 00:00:28.872000,0 days 00:00:22.333000,310.0,247.0,256.0,311.0,soft,7.0
0 days 01:14:05.782000,77,0 days 00:01:23.874000,21,"",0 days 01:14:02.341000,0 days 00:00:21.025000,0 days 00:00:36.576000,0 days 00:00:26.273000,192.0,225.0,"",214.0,soft,8.0
0 days 01:22:35.321000,77,"",22,0 days 01:22:04.201000,0 days 01:23:22.575000,"",0 days 00:00:36.439000,0 days 00:00:26.036000,275.0,221.0,"",273.0,soft,9.0
0 days 01:24:14.933000,77,0 days 00:01:39.612000,23,0 days 01:23:53.382000,"",0 days 00:00:45.016000,0 days 00:00:30.746000,0 days 00:00:23.850000,282.0,234.0,273.0,301.0,soft,10.0
0 days 01:25:23.462000,77,0 days 00:01:08.529000,24,"","",0 days 00:00:17.387000,0 days 00:00:30.240000,0 days 00:00:20.902000,286.0,235.0,270.0,293.0,soft,11.0
0 days 01:26:32.037000,77,0 days 00:01:08.575000,25,"","",0 days 00:00:17.353000,0 days 00:00:30.304000,0 days 00:00:20.918000,289.0,235.0,271.0,297.0,soft,12.0
0 days 01:27:40.518000,77,0 days 00:01:08.481000,26,"","",0 days 00:00:17.455000,0 days 00:00:30.132000,0 days 00:00:20.894000,291.0,235.0,271.0,298.0,soft,13.0
0 days 01:28:48.601000,77,0 days 00:01:08.083000,27,"","",0 days 00:00:17.216000,0 days 00:00:30.110000,0 days 00:00:20.757000,297.0,237.0,274.0,302.0,soft,14.0
0 days 01:29:57.315000,77,0 days 00:01:08.714000,28,"","",0 days 00:00:17.297000,0 days 00:00:30.343000,0 days 00:00:21.074000,290.0,233.0,274.0,296.0,soft,15.0
0 days 01:31:05.658000,77,0 days 00:01:08.343000,29,"","",0 days 00:00:17.271000,0 days 00:00:30.335000,0 days 00:00:20.737000,293.0,236.0,274.0,300.0,soft,16.0
0 days 01:32:14.315000,77,0 days 00:01:08.657000,30,"","",0 days 00:00:17.272000,0 days 00:00:30.443000,0 days 00:00:20.942000,291.0,235.0,275.0,297.0,soft,17.0
0 days 01:33:33.645000,77,0 days 00:01:19.330000,31,"","",0 days 00:00:17.878000,0 days 00:00:36.722000,0 days 00:00:24.730000,299.0,202.0,274.0,156.0,soft,18.0
0 days 01:34:45.286000,77,0 days 00:01:11.641000,32,"","",0 days 00:00:17.304000,0 days 00:00:30.534000,0 days 00:00:23.803000,291.0,229.0,275.0,296.0,soft,19.0
0 days 01:35:53.898000,77,0 days 00:01:08.612000,33,"","",0 days 00:00:17.213000,0 days 00:00:30.573000,0 days 00:00:20.826000,293.0,234.0,274.0,297.0,soft,20.0
0 days 01:37:03.548000,77,0 days 00:01:09.650000,34,"","",0 days 00:00:17.419000,0 days 00:00:30.949000,0 days 00:00:21.282000,292.0,235.0,270.0,299.0,soft,21.0
0 days 01:38:18.987000,77,0 days 00:01:15.439000,35,"",0 days 01:39:06.165000,0 days 00:00:17.723000,0 days 00:00:32.449000,0 days 00:00:25.267000,294.0,224.0,"",295.0,soft,22.0
0 days 01:40:03.599000,77,0 days 00:01:44.612000,36,0 days 01:39:41.880000,"",0 days 00:00:50.187000,0 days 00:00:32.192000,0 days 00:00:22.233000,281.0,192.0,260.0,295.0,soft,23.0
0 days 01:41:48.211000,77,0 days 00:01:44.612000,37,"",0 days 01:41:48.211000,0 days 00:00:22.413000,"",0 days 00:00:22.233000,214.0,"",260.0,246.0,soft,24.0
0 days 00:13:00.365000,99,"",1,0 days 00:11:33.458000,0 days 00:12:56.901000,"",0 days 00:00:37.350000,0 days 00:00:30.494000,275.0,208.0,"",200.0,hard,1.0
0 days 00:38:09.054000,99,"",2,0 days 00:36:51.273000,"","",0 days 00:00:34.274000,0 days 00:00:25.297000,276.0,215.0,272.0,294.0,intermediate,1.0
0 days 00:39:31.202000,99,0 days 00:01:22.148000,3,"",0 days 00:39:27.866000,0 days 00:00:18.300000,0 days 00:00:34.396000,0 days 00:00:29.452000,265.0,215.0,"",282.0,intermediate,2.0
0 days 00:56:57.476000,99,"",4,0 days 00:55:41.611000,"","",0 days 00:00:33.499000,0 days 00:00:23.920000,285.0,222.0,278.0,300.0,hard,2.0
0 days 00:58:05.874000,99,0 days 00:01:08.398000,5,"","",0 days 00:00:17.058000,0 days 00:00:30.312000,0 days 00:00:21.028000,313.0,241.0,280.0,313.0,hard,3.0
0 days 00:59:13.223000,99,0 days 00:01:07.349000,6,"","",0 days 00:00:16.951000,0 days 00:00:29.826000,0 days 00:00:20.572000,311.0,241.0,282.0,311.0,hard,4.0
0 days 01:00:21.031000,99,0 days 00:01:07.808000,7,"","",0 days 00:00:16.794000,0 days 00:00:30.290000,0 days 00:00:20.724000,313.0,240.0,281.0,314.0,hard,5.0
0 days 01:01:50.255000,99,0 days 00:01:29.224000,8,"","",0 days 00:00:20.931000,0 days 00:00:42.831000,0 days 00:00:25.462000,191.0,189.0,279.0,200.0,hard,6.0
0 days 01:03:08.523000,99,0 days 00:01:18.268000,9,"","",0 days 00:00:21.208000,0 days 00:00:34.418000,0 days 00:00:22.642000,210.0,222.0,258.0,291.0,hard,7.0
0 days 01:04:19.054000,99,0 days 00:01:10.531000,10,"","",0 days 00:00:18.339000,0 days 00:00:30.778000,0 days 00:00:21.414000,298.0,234.0,278.0,306.0,hard,8.0
0 days 01:05:27.176000,99,0 days 00:01:08.122000,11,"","",0 days 00:00:17.082000,0 days 00:00:30.055000,0 days 00:00:20.985000,306.0,234.0,279.0,309.0,hard,9.0
0 days 01:07:00.447000,99,0 days 00:01:33.271000,12,"",0 days 01:06:57.043000,0 days 00:00:19.477000,0 days 00:00:39.962000,0 days 00:00:33.832000,238.0,158.0,"",198.0,hard,10.0
0 days 01:28:24.353000,99,"",13,0 days 01:27:08.247000,"","",0 days 00:00:33.725000,0 days 00:00:24.615000,293.0,217.0,279.0,299.0,medium,1.0
0 days 01:29:31.195000,99,0 days 00:01:06.842000,14,"","",0 days 00:00:16.892000,0 days 00:00:29.413000,0 days 00:00:20.537000,310.0,246.0,279.0,313.0,medium,2.0
0 days 01:30:59.774000,99,0 days 00:01:28.579000,15,"","",0 days 00:00:21.462000,0 days 00:00:40.384000,0 days 00:00:26.733000,246.0,201.0,280.0,255.0,medium,3.0
0 days 01:32:06.134000,99,0 days 00:01:06.360000,16,"","",0 days 00:00:16.706000,0 days 00:00:29.349000,0 days 00:00:20.305000,315.0,245.0,283.0,315.0,medium,4.0
0 days 01:33:34.823000,99,0 days 00:01:28.689000,17,"","",0 days 00:00:20.543000,0 days 00:00:43.165000,0 days 00:00:24.981000,242.0,207.0,281.0,252.0,medium,5.0
0 days 01:34:41.298000,99,0 days 00:01:06.475000,18,"","",0 days 00:00:16.723000,0 days 00:00:29.424000,0 days 00:00:20.328000,316.0,242.0,284.0,316.0,medium,6.0
0 days 01:36:08.985000,99,0 days 00:01:27.687000,19,"","",0 days 00:00:22.428000,0 days 00:00:41.525000,0 days 00:00:23.734000,168.0,205.0,282.0,212.0,medium,7.0
0 days 01:37:16.031000,99,0 days 00:01:07.046000,20,"","",0 days 00:00:16.637000,0 days 00:00:29.824000,0 days 00:00:20.585000,316.0,241.0,282.0,315.0,medium,8.0
0 days 01:38:43.699000,99,0 days 00:01:27.668000,21,"","",0 days 00:00:22.057000,0 days 00:00:41.800000,0 days 00:00:23.811000,242.0,205.0,282.0,182.0,medium,9.0
0 days 01:39:50.453000,99,0 days 00:01:06.754000,22,"","",0 days 00:00:16.738000,0 days 00:00:29.470000,0 days 00:00:20.546000,312.0,231.0,283.0,315.0,medium,10.0
0 days 01:39:59.588000,99,0 days 00:01:48.623000,23,"","",0 days 00:00:18.741000,0 days 00:00:38.369000,0 days 00:00:51.513000,284.0,111.0,63.0,218.0,medium,11.0
0 days 01:41:48.211000,99,0 days 00:01:48.623000,24,"",0 days 01:41:48.211000,"","",0 days 00:00:51.513000,"","",63.0,"",medium,12.0
